source_id,destination_id,datarate,arrival_time,departure_time
0,1,100,0.0151798,0.240408,
13,8,75,0.0193893,0.433067,
9,13,50,0.0282308,0.654424,
10,11,100,0.0285574,0.0407472,
1,8,75,0.0398525,0.660524,
8,12,75,0.0654015,0.638892,
6,12,50,0.0902234,3.31805,
7,13,75,0.0930197,1.16689,
6,7,50,0.108776,2.1271,
1,8,100,0.10908,1.48611,
8,12,50,0.121138,2.11856,
1,12,50,0.133515,0.785087,
13,8,100,0.13841,0.786708,
9,7,100,0.139349,1.74337,
5,0,75,0.166232,0.938248,
11,1,100,0.168496,0.434095,
10,8,75,0.172185,0.174661,
5,3,75,0.18374,0.657186,
6,2,100,0.19661,0.536334,
3,13,100,0.199616,1.10082,
10,9,75,0.218946,1.04329,
10,1,50,0.229085,3.0349,
1,5,50,0.235792,0.773956,
7,1,50,0.260379,3.97796,
6,9,50,0.262141,0.487141,
6,7,75,0.27485,1.98357,
8,4,50,0.277482,0.315901,
11,12,50,0.290539,0.642556,
7,4,100,0.296878,0.469608,
8,9,100,0.299648,0.462488,
9,6,75,0.304658,0.969908,
13,2,75,0.315831,0.348054,
8,4,75,0.316021,1.2871,
4,12,50,0.317364,1.83563,
11,9,50,0.354963,5.0188,
8,5,100,0.360316,2.25237,
0,8,50,0.361054,1.13261,
6,12,50,0.36122,3.62032,
1,2,100,0.363524,1.53656,
6,0,50,0.370522,1.34168,
9,5,100,0.384594,1.4556,
11,13,50,0.390686,1.59314,
10,0,50,0.410109,2.4372,
9,7,75,0.424956,1.40218,
6,4,50,0.430189,1.04047,
1,11,100,0.444895,0.697091,
6,8,75,0.449603,0.680967,
13,7,75,0.460312,1.73064,
12,4,75,0.510956,1.20983,
10,2,100,0.51098,0.865691,
10,5,50,0.512459,1.53811,
10,9,75,0.526376,2.07461,
5,7,50,0.529999,1.20288,
8,3,75,0.535644,2.19778,
13,6,50,0.549293,0.645583,
13,9,75,0.554649,0.607828,
13,0,100,0.555492,1.21264,
8,6,75,0.567439,1.26416,
6,4,100,0.582213,2.4606,
4,7,75,0.593684,1.22193,
11,7,100,0.606944,1.10304,
9,0,50,0.607686,0.955156,
3,13,50,0.62778,2.8797,
11,1,100,0.630989,2.3113,
11,12,75,0.647197,0.90254,
1,8,75,0.67028,0.750272,
11,8,100,0.679571,4.12116,
6,2,50,0.719392,1.83233,
10,4,75,0.735948,0.876765,
4,2,75,0.749968,1.25013,
7,0,75,0.750205,1.6557,
8,1,50,0.752541,3.11931,
13,12,100,0.764041,2.23763,
0,2,50,0.767743,3.13126,
13,11,75,0.795199,2.39604,
3,11,100,0.814017,4.56351,
4,8,50,0.814604,2.26489,
2,4,50,0.815269,1.47342,
7,11,50,0.826439,2.5677,
10,11,100,0.842569,0.894783,
9,3,75,0.857861,3.03034,
13,10,75,0.878982,2.0176,
11,4,100,0.893283,2.46917,
11,2,75,0.893816,1.72866,
0,7,75,0.895753,1.68576,
3,11,50,0.897983,2.12117,
12,3,100,0.901463,1.27002,
13,11,50,0.901734,1.06976,
4,2,50,0.925091,1.48834,
4,9,75,0.930444,2.19244,
12,11,75,0.933799,1.36771,
9,11,100,0.947761,1.40918,
7,11,50,0.96769,2.07979,
6,11,50,0.9796,1.20793,
3,11,75,0.988151,1.48932,
13,8,75,1.0029,1.4467,
8,9,75,1.00646,1.5285,
7,4,50,1.0176,1.23803,
6,11,100,1.02329,1.2096,
1,7,50,1.03665,1.49237,
1,6,75,1.0392,2.82297,
0,5,100,1.05904,3.14752,
4,11,100,1.06247,1.5471,
0,7,75,1.06387,1.86797,
2,13,50,1.06643,1.29315,
11,10,75,1.07739,1.31982,
4,9,75,1.08858,1.74344,
11,6,50,1.08873,1.28565,
4,6,50,1.09478,2.62594,
11,7,75,1.09675,4.43517,
7,4,75,1.10082,2.05876,
11,9,100,1.11762,2.51271,
3,7,50,1.12193,3.49687,
12,8,50,1.12538,2.47262,
9,3,100,1.12545,1.17113,
1,0,75,1.12984,2.36052,
13,12,50,1.13293,1.62218,
2,10,100,1.15981,1.28743,
12,8,50,1.17247,1.92422,
0,4,75,1.17744,3.95244,
7,10,50,1.18704,2.50855,
0,6,75,1.18772,3.16048,
5,11,50,1.19789,1.89266,
10,9,50,1.209,2.14874,
8,7,50,1.21111,2.63861,
4,0,100,1.22191,2.33652,
1,5,100,1.22221,3.91683,
12,3,50,1.22501,1.93804,
6,8,100,1.22932,1.55373,
10,3,100,1.23648,1.79786,
11,8,50,1.24775,1.26676,
3,4,50,1.25328,1.58757,
3,13,100,1.25534,3.42836,
10,5,50,1.25892,2.07558,
8,5,75,1.26124,1.78673,
10,1,75,1.2781,1.46936,
3,5,75,1.28947,1.34107,
6,1,50,1.29994,2.04505,
10,8,100,1.30598,3.79293,
8,5,50,1.30703,1.55484,
4,10,50,1.38903,3.09523,
7,3,100,1.39102,1.99118,
1,9,50,1.39999,2.64382,
3,10,100,1.41022,3.05719,
13,8,75,1.41194,1.59177,
2,0,50,1.44218,2.23697,
4,10,100,1.44696,1.88711,
6,4,75,1.46065,1.69703,
9,10,75,1.46465,1.47234,
8,2,75,1.48253,1.94865,
4,2,50,1.4833,1.66775,
12,4,75,1.48999,2.92464,
12,4,75,1.4959,2.33201,
9,0,75,1.5108,2.58645,
9,11,100,1.51936,4.08571,
6,5,100,1.54122,4.07091,
0,8,75,1.54213,3.25035,
7,9,100,1.54817,1.55013,
3,7,50,1.54887,1.59429,
7,0,75,1.55027,1.85412,
12,9,50,1.55242,2.18485,
3,11,100,1.55479,2.6445,
8,6,75,1.58464,4.58794,
2,7,50,1.61558,4.20728,
9,2,75,1.62617,2.02979,
13,3,75,1.6379,1.9793,
6,9,75,1.64183,2.86067,
3,5,100,1.6634,2.44344,
4,2,100,1.66655,2.44926,
4,6,100,1.66738,3.34214,
10,11,50,1.67729,2.98539,
6,8,100,1.67936,1.98998,
7,10,50,1.68605,1.81333,
11,6,50,1.6901,2.25496,
6,3,100,1.69049,1.9972,
5,12,100,1.69524,2.80354,
10,4,50,1.71625,1.79383,
6,5,75,1.719,1.77077,
8,0,50,1.73276,2.99056,
7,9,50,1.74331,6.62304,
6,11,100,1.7627,2.79049,
5,7,75,1.76753,2.7826,
6,5,100,1.7747,2.22046,
7,8,50,1.78871,4.21135,
2,12,100,1.79692,2.92492,
13,1,50,1.80457,1.99752,
1,12,75,1.80513,2.34539,
9,3,100,1.84058,2.63795,
13,11,50,1.84089,2.10617,
9,11,100,1.87667,1.90271,
11,12,75,1.89512,2.34949,
2,9,50,1.90531,1.9916,
3,1,75,1.92682,2.12583,
7,9,50,1.93231,2.16668,
3,6,50,1.93518,1.9776,
11,10,100,1.9395,2.20283,
8,3,50,1.94996,3.61936,
12,3,75,1.9518,2.18767,
11,6,50,1.95534,2.04433,
1,9,100,1.97891,2.7649,
9,0,75,1.98088,2.25487,
8,2,100,1.98986,2.6164,
4,1,50,1.99881,3.32147,
0,4,75,2.00621,4.10336,
11,7,100,2.00658,3.96064,
10,9,75,2.03676,2.24444,
7,6,100,2.04667,2.76977,
9,3,50,2.05109,5.84976,
12,0,75,2.05424,3.09637,
13,6,100,2.0643,3.2149,
13,8,100,2.06582,4.05072,
4,13,100,2.08437,2.94659,
9,12,50,2.09084,3.02071,
1,9,75,2.10829,2.70946,
4,7,100,2.11037,2.33273,
1,10,75,2.13382,2.40625,
0,10,100,2.14965,2.19055,
4,5,100,2.15123,5.20369,
8,0,100,2.15956,2.44554,
8,5,50,2.17851,2.80883,
6,2,50,2.1839,3.33431,
8,10,50,2.19006,3.76536,
2,13,50,2.20295,3.80047,
10,5,100,2.23026,3.72077,
12,13,75,2.2527,5.80719,
2,9,50,2.27803,2.56854,
2,13,100,2.31882,3.78141,
4,2,50,2.32165,2.61162,
13,2,50,2.3251,5.42858,
4,6,50,2.35384,2.50231,
10,2,75,2.3648,2.69204,
6,13,50,2.37333,2.7623,
13,9,50,2.37641,3.93012,
1,12,100,2.37771,2.66491,
5,9,50,2.38487,2.53945,
2,11,75,2.39638,2.43223,
13,5,75,2.39949,3.40225,
6,9,50,2.40402,2.58938,
2,8,50,2.41256,2.45079,
7,12,100,2.4172,2.70741,
7,10,100,2.41804,3.2169,
8,1,50,2.43643,3.27212,
11,0,75,2.46354,6.30679,
9,11,100,2.47533,3.89612,
0,9,50,2.52076,6.99904,
0,12,100,2.52385,3.28994,
5,12,100,2.52591,2.72444,
5,7,50,2.53075,4.04693,
0,11,50,2.53393,3.45028,
1,12,50,2.53429,3.65496,
3,10,75,2.54048,2.84944,
1,3,75,2.56602,3.10817,
7,5,50,2.62478,8.05214,
11,6,75,2.62552,2.78972,
13,4,75,2.62815,5.99183,
13,5,50,2.63322,3.72402,
5,12,50,2.6411,3.51232,
6,7,50,2.65747,4.48619,
13,12,50,2.67101,4.54343,
7,3,100,2.67128,3.20731,
13,5,50,2.68101,4.82314,
8,6,100,2.68912,4.56054,
13,3,75,2.6892,3.24593,
4,7,75,2.69028,3.39878,
12,7,50,2.69368,4.18704,
5,10,75,2.70193,2.98212,
6,0,75,2.72238,4.7779,
11,9,50,2.75163,4.53195,
13,0,50,2.75756,3.63449,
7,4,100,2.7936,3.79686,
5,12,50,2.795,2.84551,
10,11,75,2.80142,3.97682,
13,7,50,2.80379,2.89055,
1,11,50,2.81387,2.93286,
5,3,75,2.8179,5.41165,
10,2,100,2.83793,6.06191,
0,13,75,2.87196,3.30639,
9,1,100,2.87625,4.29995,
13,12,50,2.8763,3.4324,
9,4,75,2.88048,3.43169,
6,11,50,2.88611,3.06872,
12,7,50,2.88862,3.34271,
13,2,75,2.89203,4.38553,
6,7,50,2.89317,3.02152,
7,11,75,2.90813,4.01542,
3,8,100,2.93313,3.24997,
11,13,50,2.94697,3.4649,
12,1,50,2.95122,3.37861,
7,13,50,3.00997,3.92009,
6,3,75,3.01379,6.02017,
11,3,100,3.05393,4.26598,
5,12,75,3.10517,3.85589,
3,13,75,3.11795,3.24985,
1,4,100,3.12054,3.94705,
7,12,75,3.14305,5.45968,
11,3,75,3.16637,3.58662,
0,2,100,3.18043,3.20152,
12,9,50,3.18103,4.99429,
9,3,50,3.19767,3.22386,
2,4,100,3.20187,3.99538,
4,11,75,3.20192,3.23619,
0,13,50,3.20377,6.65301,
13,2,100,3.2135,3.40887,
7,6,50,3.21851,4.18357,
10,7,100,3.2196,3.47085,
8,0,100,3.2343,4.07826,
4,0,100,3.23618,3.81696,
4,8,75,3.24277,3.51684,
4,8,50,3.2437,3.39942,
1,13,100,3.24391,5.21054,
12,4,50,3.24812,4.12924,
7,1,100,3.26451,3.35231,
12,7,50,3.26646,3.90183,
12,2,75,3.27422,3.79446,
11,12,50,3.27437,3.39148,
13,12,100,3.27619,3.33732,
4,13,50,3.28145,3.70566,
2,5,50,3.28927,4.1874,
1,7,50,3.28968,3.63875,
4,8,75,3.30353,6.35406,
10,2,50,3.3416,4.3246,
2,10,100,3.34703,3.52518,
7,10,50,3.3533,4.90456,
2,13,50,3.35339,3.40339,
6,12,75,3.35371,3.40118,
9,2,50,3.359,3.53656,
4,7,100,3.37681,5.16549,
9,1,75,3.37862,3.65104,
6,2,75,3.41342,4.06382,
3,6,50,3.42626,3.67172,
0,8,50,3.42781,4.05258,
6,11,50,3.46369,3.89122,
2,12,75,3.47301,4.27281,
0,4,50,3.48087,3.59955,
4,9,50,3.48144,3.58434,
4,5,100,3.49201,6.98544,
5,0,75,3.5577,3.91542,
5,3,75,3.55893,3.77325,
3,11,50,3.56229,4.07659,
9,4,75,3.57089,6.03571,
2,7,75,3.57093,3.93891,
5,13,100,3.58113,7.59143,
5,12,75,3.60205,5.13575,
10,2,100,3.60433,4.45863,
3,6,75,3.6262,4.5907,
11,1,100,3.62999,5.14422,
9,12,50,3.64806,4.26681,
13,3,100,3.64906,3.99389,
0,8,100,3.65476,5.3011,
2,5,50,3.67008,7.37642,
9,2,50,3.67241,3.87016,
10,6,75,3.67533,4.33007,
1,4,50,3.70321,5.01879,
9,1,75,3.70622,4.11139,
10,11,50,3.70823,4.01981,
10,4,50,3.74707,5.06584,
6,8,50,3.75295,4.75472,
6,2,100,3.7641,4.65046,
1,11,100,3.77941,5.54821,
5,2,100,3.78144,3.80334,
11,10,75,3.78408,4.69967,
7,2,100,3.79348,4.46057,
2,10,100,3.79762,3.94886,
6,0,100,3.79994,3.99437,
10,2,50,3.80516,4.15644,
12,1,100,3.81813,4.61842,
5,9,100,3.83593,4.40639,
13,9,75,3.83652,5.97243,
10,1,75,3.83981,4.15955,
10,8,50,3.84026,3.98795,
1,3,75,3.85376,5.44197,
6,0,50,3.85398,3.89068,
2,10,50,3.85917,4.26608,
11,9,100,3.87561,4.04903,
6,11,100,3.88107,4.58178,
7,3,75,3.88167,9.11979,
6,5,100,3.89256,5.26537,
0,2,100,3.89654,4.81007,
6,12,100,3.90272,4.24618,
8,1,50,3.91221,5.22314,
0,2,50,3.91817,4.86962,
10,12,100,3.92811,4.07058,
1,7,50,3.94303,5.89817,
11,5,100,3.95964,3.96493,
8,4,75,3.96315,4.18827,
11,2,50,3.96619,4.39301,
6,11,75,3.9781,4.84801,
11,7,50,3.98082,5.79146,
7,9,75,4.00204,4.02745,
1,13,75,4.00342,4.49736,
5,8,75,4.05234,5.47085,
12,9,50,4.07167,4.14972,
10,0,75,4.08413,4.55772,
6,7,50,4.10012,4.29961,
9,11,50,4.1109,6.06625,
13,0,100,4.11414,5.23997,
1,10,75,4.11998,4.1678,
11,5,50,4.12157,5.01835,
7,0,100,4.13388,5.66419,
12,7,100,4.14043,5.32218,
7,4,75,4.14234,4.14892,
12,7,100,4.15256,5.50332,
8,3,75,4.16175,4.35552,
12,11,75,4.16821,4.70705,
9,11,100,4.17984,4.61781,
1,4,50,4.17999,4.24359,
13,0,100,4.18693,4.56164,
12,11,50,4.19472,4.27233,
8,0,100,4.19811,4.75101,
12,3,50,4.20178,5.48381,
12,5,75,4.21104,4.39872,
0,12,75,4.22661,4.37003,
13,8,75,4.23153,4.75532,
11,12,50,4.23308,4.87852,
12,9,100,4.23583,5.53528,
13,12,75,4.25754,6.21808,
8,4,75,4.25766,4.3331,
10,1,100,4.26411,4.73131,
13,12,75,4.26424,4.66176,
5,11,100,4.26769,6.0862,
4,1,75,4.26814,4.50641,
11,0,75,4.27028,7.92575,
10,5,75,4.28805,9.00847,
8,11,75,4.29726,4.82844,
1,5,75,4.3144,4.82331,
10,9,50,4.32044,5.70695,
7,11,100,4.36413,4.39926,
6,2,50,4.36435,6.57311,
1,5,50,4.37101,4.40813,
12,10,75,4.37314,4.59326,
4,9,75,4.38465,5.35075,
10,0,50,4.40143,6.1006,
9,2,50,4.41005,5.779,
9,8,50,4.45675,6.30252,
7,8,50,4.47625,4.98014,
2,12,50,4.4777,4.57644,
2,1,50,4.47871,4.76125,
7,13,100,4.51933,4.70025,
13,7,100,4.53752,5.61254,
8,13,100,4.53932,4.79128,
0,10,100,4.56062,5.05266,
13,2,50,4.58703,9.12914,
0,11,50,4.60687,7.13197,
1,11,100,4.61302,6.57205,
1,10,50,4.61981,5.4816,
5,4,50,4.62727,4.71937,
12,8,50,4.63753,5.66064,
7,1,75,4.64814,5.05144,
0,1,50,4.66924,4.98282,
3,11,100,4.67099,5.63188,
13,0,75,4.672,6.79917,
11,6,75,4.70286,5.34169,
8,11,100,4.70929,4.99629,
1,13,100,4.73362,5.74987,
9,6,100,4.7365,5.54209,
2,13,100,4.73912,5.13509,
10,13,75,4.74585,6.33287,
0,11,75,4.7527,5.24643,
13,3,75,4.75888,5.0957,
7,11,100,4.76313,4.97341,
2,1,100,4.76446,11.1913,
13,2,75,4.76798,5.64645,
1,12,75,4.77187,5.40035,
10,3,50,4.7782,4.86346,
6,11,75,4.77919,10.4314,
4,7,50,4.8451,5.61559,
5,0,100,4.8503,5.84042,
0,4,100,4.85676,5.49843,
4,0,100,4.85815,10.4431,
13,8,100,4.86454,5.50464,
8,12,100,4.87533,5.22778,
0,2,75,4.8909,7.73794,
0,11,75,4.89146,5.08109,
13,7,50,4.89386,5.59365,
10,13,50,4.9072,6.15581,
13,1,100,4.91982,5.23445,
9,4,50,4.92022,5.77495,
4,5,50,4.92862,4.96031,
12,3,50,4.93277,5.6577,
12,6,100,4.94853,5.06996,
2,8,75,4.9491,6.26116,
11,13,50,4.9606,5.09871,
10,0,50,4.97746,5.9267,
6,2,100,4.98134,5.09028,
8,0,50,5.00256,9.35949,
7,13,100,5.01598,5.39532,
12,8,75,5.01701,6.48026,
4,9,75,5.02038,5.41535,
4,6,75,5.02999,5.0988,
6,8,100,5.03477,5.32454,
4,6,75,5.04091,5.07809,
12,9,50,5.06869,6.05529,
13,6,50,5.07205,6.09745,
12,9,75,5.08238,6.15046,
6,9,75,5.0827,6.09281,
3,9,75,5.08781,5.18982,
11,0,75,5.10958,5.80851,
11,3,75,5.14468,8.11293,
10,8,75,5.15721,5.62943,
9,5,75,5.16921,6.0535,
0,12,75,5.17376,6.829,
7,3,100,5.18832,5.39207,
11,6,100,5.20024,5.42922,
2,9,75,5.20631,5.51893,
13,12,50,5.21375,5.8416,
9,8,50,5.23559,5.52007,
12,7,50,5.24054,5.98423,
13,10,50,5.24529,6.73296,
12,8,100,5.27103,6.07841,
3,0,100,5.27667,5.35376,
4,0,75,5.27729,5.87589,
2,12,50,5.27982,8.26726,
3,9,50,5.28336,5.49942,
10,0,50,5.29809,5.50871,
9,5,100,5.32236,6.36224,
10,8,50,5.32698,6.70728,
6,8,50,5.33443,6.83488,
3,6,100,5.33691,5.75916,
5,12,50,5.3657,7.80255,
11,8,100,5.37677,5.73471,
4,10,100,5.38798,8.25039,
10,4,100,5.39062,6.129,
11,10,100,5.39455,5.57892,
6,7,50,5.40784,6.56814,
8,13,75,5.40958,5.67677,
8,11,75,5.41776,5.53562,
1,9,100,5.42667,10.8199,
13,12,100,5.43038,6.01953,
7,1,75,5.43827,7.14178,
7,6,75,5.44116,6.15912,
12,11,75,5.44673,5.94343,
11,2,100,5.46813,5.90459,
2,11,50,5.46835,5.67147,
2,6,75,5.49424,8.91787,
6,5,75,5.49855,7.74353,
6,0,50,5.50084,6.19885,
8,7,75,5.50349,6.1799,
0,6,50,5.52571,5.56603,
3,0,100,5.53879,6.70494,
10,1,100,5.54105,5.7455,
3,10,100,5.55161,6.88556,
8,7,50,5.55828,6.17159,
10,11,75,5.55984,5.91125,
8,2,100,5.5737,6.02677,
10,8,75,5.58267,6.91836,
7,6,100,5.59593,7.77648,
9,5,75,5.60951,6.20984,
13,2,50,5.61465,7.64896,
12,9,100,5.61509,5.66249,
2,9,50,5.63776,5.83231,
3,10,100,5.63886,5.72956,
13,7,100,5.64184,6.33161,
10,5,75,5.66918,5.69647,
2,0,50,5.66975,6.07896,
13,9,50,5.67043,7.23284,
7,1,50,5.67549,6.21245,
2,11,100,5.6914,7.14364,
11,6,75,5.69858,6.01614,
8,1,100,5.69963,8.85115,
6,7,100,5.7149,6.08522,
4,7,100,5.71998,7.31088,
10,6,100,5.72453,6.81906,
10,7,50,5.72725,6.48374,
13,8,50,5.75012,8.26197,
10,13,100,5.76369,6.89897,
6,3,100,5.77943,6.86101,
3,1,50,5.79109,6.46379,
11,12,100,5.80597,6.47271,
6,1,75,5.81641,6.51995,
5,9,100,5.82199,5.82245,
0,1,75,5.82458,6.05571,
10,8,50,5.83026,5.8722,
9,4,50,5.83265,6.83002,
5,7,75,5.85983,5.88985,
2,8,75,5.87981,6.40221,
5,10,50,5.88218,6.08589,
2,8,100,5.88968,5.92879,
10,2,100,5.89962,8.85724,
3,12,75,5.90771,6.91564,
8,11,50,5.92574,9.35125,
5,12,50,5.92678,7.08814,
7,3,75,5.93327,9.62236,
0,11,50,5.9346,6.56434,
13,7,50,5.94311,6.10894,
0,2,100,5.96229,6.31244,
9,6,75,5.98044,8.76232,
0,10,75,5.98491,6.29983,
0,3,50,5.99109,9.10481,
4,5,50,6.03299,7.23973,
8,2,50,6.03963,8.11563,
0,9,100,6.04083,7.25114,
1,0,100,6.04222,6.98259,
8,3,75,6.04335,6.50976,
2,3,50,6.04924,7.60006,
1,3,75,6.0517,7.62877,
7,3,75,6.05346,7.7292,
8,13,75,6.05708,7.10764,
5,0,75,6.06944,7.67407,
5,4,50,6.09254,6.14498,
7,1,75,6.10419,7.90314,
12,0,75,6.108,7.99139,
5,9,100,6.11664,6.62321,
5,11,75,6.13976,6.34572,
1,13,75,6.1703,6.79035,
1,0,50,6.18564,7.28172,
10,7,50,6.18997,10.5613,
5,1,100,6.19227,6.25019,
12,7,50,6.19348,6.43711,
12,2,50,6.19509,7.05724,
9,4,75,6.1984,7.26098,
11,12,75,6.20889,9.99403,
4,12,50,6.23848,8.24064,
2,1,100,6.25354,7.18047,
13,1,100,6.26529,6.8351,
2,1,75,6.26732,6.32835,
5,12,75,6.27672,7.73418,
6,13,50,6.28056,6.75328,
4,3,75,6.29156,8.29303,
7,6,75,6.29231,7.58262,
11,6,75,6.2934,6.37465,
6,10,75,6.31048,8.60174,
5,10,75,6.31304,6.42042,
8,5,50,6.33,6.3976,
12,7,50,6.34,6.76575,
12,2,100,6.35024,8.77426,
2,1,75,6.35492,6.83549,
12,10,50,6.35577,6.56805,
1,0,100,6.36349,6.59797,
8,11,50,6.3666,7.84111,
10,7,75,6.36776,6.77184,
7,6,100,6.3704,7.84465,
12,4,75,6.37049,6.99372,
4,3,50,6.37054,7.31255,
8,9,50,6.37625,7.58043,
0,3,50,6.39595,7.24175,
9,0,50,6.39928,7.74957,
8,9,100,6.41293,8.218,
11,7,50,6.4267,8.08996,
3,2,100,6.44354,8.57301,
3,10,50,6.45274,7.82687,
13,12,50,6.45981,7.45232,
4,0,100,6.46671,8.6584,
10,0,50,6.48582,8.92023,
4,9,100,6.50005,7.557,
5,7,50,6.50019,6.85939,
6,4,50,6.50486,6.57541,
13,11,100,6.5076,6.96582,
7,3,75,6.50991,6.67649,
6,4,50,6.51187,9.16621,
12,7,100,6.52291,8.61758,
1,10,100,6.5391,9.69133,
7,2,50,6.54845,8.42325,
11,9,50,6.5537,6.92819,
0,3,100,6.55599,8.93916,
5,3,100,6.55974,6.7657,
8,0,50,6.57798,6.91731,
7,2,50,6.58978,7.77482,
11,8,75,6.59442,6.84693,
12,11,100,6.59707,6.97913,
7,13,75,6.60235,6.61272,
11,1,75,6.60445,6.70661,
1,5,50,6.60727,7.20849,
5,9,50,6.63401,8.30779,
4,7,75,6.63831,9.04153,
0,4,75,6.63922,7.99661,
9,1,75,6.65077,6.95235,
10,3,75,6.6641,7.40094,
0,11,50,6.68753,8.47804,
13,12,100,6.69899,7.01102,
8,13,50,6.69953,8.05313,
13,1,50,6.70553,7.1081,
12,9,50,6.70559,6.89459,
12,6,100,6.70783,7.11626,
10,6,75,6.71486,7.04075,
10,12,50,6.72136,9.95614,
4,5,75,6.74844,7.46196,
8,6,100,6.76661,7.83468,
5,3,100,6.77387,7.65469,
1,12,50,6.79593,8.87364,
10,4,50,6.7965,6.80354,
12,1,50,6.80202,6.89637,
10,11,100,6.80503,7.02428,
0,7,100,6.80603,7.34529,
1,8,75,6.82338,6.87749,
12,3,100,6.83882,8.1061,
10,7,75,6.84168,7.02344,
5,4,50,6.84643,7.21106,
7,6,100,6.85732,7.10255,
2,12,75,6.86079,7.22723,
11,1,100,6.86231,7.18407,
9,11,75,6.86339,7.03721,
1,2,100,6.88887,6.92343,
3,1,100,6.89944,6.95687,
1,11,50,6.9007,7.63889,
10,12,50,6.9196,7.14663,
10,6,75,6.92709,7.94731,
9,1,100,6.93335,6.98457,
12,2,100,6.94706,7.14042,
11,1,50,6.96364,7.30114,
3,12,75,6.98032,7.7647,
0,13,50,6.9854,7.65172,
3,1,75,6.99171,8.21573,
9,8,75,7.00131,7.28179,
7,2,75,7.01236,7.27995,
0,12,100,7.01643,7.25068,
9,4,100,7.02522,8.8681,
4,1,100,7.05802,7.47753,
5,3,50,7.06175,7.31709,
2,7,50,7.06608,7.91566,
9,1,75,7.07839,8.37784,
0,1,50,7.0894,9.59712,
2,7,50,7.09323,7.96263,
1,3,100,7.11316,7.25859,
2,12,100,7.12433,8.1748,
3,12,100,7.13026,11.9668,
2,9,75,7.13966,7.19307,
8,10,100,7.14298,7.39808,
8,9,100,7.14454,7.43746,
11,5,100,7.15972,7.60763,
4,3,75,7.1834,9.57055,
8,7,50,7.18499,8.26882,
10,4,100,7.1973,9.59849,
6,13,75,7.20383,7.22493,
8,5,50,7.20619,7.32196,
0,10,75,7.21642,7.64666,
7,13,50,7.22066,9.38487,
11,6,100,7.25335,7.88607,
10,13,75,7.28467,7.94253,
10,5,100,7.2876,7.79225,
10,6,75,7.29424,9.17443,
4,2,75,7.29727,8.90341,
5,0,100,7.29994,8.42955,
8,6,50,7.32271,9.74157,
5,2,100,7.32561,8.60402,
8,7,75,7.32924,13.0259,
9,1,75,7.37627,7.58832,
6,8,75,7.37888,7.5325,
13,0,100,7.37983,7.97009,
3,10,100,7.38654,7.78838,
3,5,50,7.39601,7.66691,
11,10,50,7.40269,7.51948,
11,4,50,7.40811,8.45728,
7,13,100,7.40903,7.71582,
3,12,50,7.42527,8.76596,
12,13,100,7.43446,7.92336,
2,13,100,7.44047,8.98541,
13,11,75,7.44777,8.92697,
4,7,50,7.44952,7.71186,
11,8,75,7.47022,7.67513,
6,9,75,7.49113,8.8898,
11,1,75,7.49115,8.16139,
7,2,100,7.49545,10.6621,
1,10,100,7.4955,8.02679,
12,7,75,7.50266,8.24809,
7,3,100,7.5131,8.37366,
12,1,100,7.51658,10.2216,
8,2,75,7.53011,9.34132,
10,12,75,7.5398,9.41162,
10,5,75,7.5466,8.89478,
1,7,50,7.5498,7.8455,
1,0,100,7.57791,7.61525,
13,8,100,7.57824,8.24914,
9,5,75,7.58574,7.89586,
11,1,75,7.59015,8.20708,
7,3,75,7.59389,7.91902,
7,11,100,7.60678,7.75231,
13,8,100,7.60949,8.35801,
2,9,100,7.60996,7.80603,
8,1,100,7.6204,11.3583,
13,11,100,7.62062,8.12588,
9,13,50,7.63254,9.3667,
8,11,75,7.6411,9.91828,
9,10,75,7.65652,10.0781,
13,8,50,7.65732,7.66166,
13,2,50,7.67073,14.379,
12,10,75,7.68396,7.78872,
5,7,75,7.68522,9.47481,
0,1,75,7.70029,8.94074,
12,2,50,7.70304,8.94476,
8,0,75,7.71343,8.51602,
13,0,100,7.73737,8.73185,
10,7,50,7.7511,10.3175,
13,5,75,7.7516,9.27181,
11,5,75,7.75671,7.79986,
0,9,50,7.75909,8.99333,
4,0,100,7.76764,8.70037,
1,5,100,7.77628,8.50797,
2,12,50,7.8043,8.20911,
11,10,100,7.81514,9.17158,
8,2,75,7.85014,8.51278,
4,10,100,7.8558,8.67522,
6,1,50,7.86539,15.6235,
0,4,50,7.87125,8.37101,
11,9,50,7.88788,10.0736,
9,12,100,7.90902,7.94919,
6,9,75,7.9171,11.3426,
10,7,75,7.96108,8.08386,
7,0,75,7.96583,8.84687,
4,8,100,7.96856,9.09901,
7,1,100,7.99625,8.352,
3,0,100,8.02869,9.69276,
12,0,50,8.02932,10.3726,
5,13,100,8.03082,9.24945,
5,13,75,8.03156,10.0019,
10,9,100,8.07523,9.07616,
12,10,100,8.08103,10.9213,
8,3,75,8.0829,8.85995,
0,6,100,8.11216,8.17079,
3,5,50,8.11607,8.54947,
8,11,100,8.21311,9.44956,
0,7,50,8.21551,8.55044,
4,1,75,8.22347,8.87797,
5,13,100,8.22436,8.85921,
5,10,75,8.22756,8.79296,
2,10,100,8.23688,8.24898,
12,0,75,8.23777,9.25242,
4,6,75,8.28099,10.1475,
3,12,100,8.29786,8.82206,
2,8,50,8.31693,8.36232,
6,13,100,8.31912,8.51445,
4,3,75,8.32684,9.68887,
9,6,75,8.34955,8.38136,
1,5,75,8.35826,9.4251,
2,1,50,8.3669,8.53269,
9,4,50,8.37937,8.98875,
13,1,75,8.40715,9.44341,
8,2,50,8.40902,8.6827,
12,3,75,8.4306,8.61868,
9,1,50,8.43361,8.59911,
7,9,100,8.4386,8.47934,
4,9,50,8.44527,9.50944,
12,6,100,8.46334,9.76873,
6,3,75,8.46342,9.5194,
11,1,100,8.47613,8.9358,
2,9,100,8.48404,13.3882,
3,12,75,8.48923,8.69511,
9,10,50,8.49057,8.55459,
10,5,75,8.50185,8.73533,
11,7,100,8.51838,10.7358,
2,3,100,8.51874,9.70228,
11,13,75,8.52228,9.17584,
3,6,100,8.53412,9.52745,
3,8,100,8.53661,8.62373,
4,9,50,8.5448,9.60368,
9,6,100,8.55466,8.70059,
4,5,100,8.5899,9.06428,
2,3,50,8.60386,11.3085,
11,2,100,8.60576,9.13616,
3,11,100,8.61353,10.1733,
7,1,100,8.61499,9.31325,
6,10,75,8.61505,9.92722,
9,6,100,8.64576,9.05639,
7,6,100,8.64844,9.40109,
7,9,75,8.65271,9.84195,
6,11,50,8.67981,9.74913,
2,9,100,8.68374,8.73236,
10,0,75,8.71067,8.83989,
10,12,50,8.71718,9.16637,
7,3,100,8.71946,10.412,
6,11,50,8.72414,8.81317,
0,12,75,8.73733,9.61302,
5,9,50,8.74507,11.9698,
13,3,50,8.74779,9.03666,
4,0,50,8.75341,10.3909,
3,5,75,8.75762,8.88134,
5,7,50,8.75773,9.78466,
7,11,75,8.76374,9.1795,
2,9,100,8.78018,10.259,
10,13,100,8.78651,8.85585,
13,3,75,8.78914,10.0602,
3,0,50,8.80237,9.46999,
0,9,100,8.80365,9.37125,
12,9,50,8.80511,8.87917,
2,7,50,8.81184,14.6038,
11,4,75,8.82364,9.52966,
11,9,50,8.8245,9.27565,
11,8,100,8.83798,8.87447,
10,0,100,8.90006,9.57882,
8,13,75,8.91219,9.86395,
11,5,50,8.91417,10.8087,
1,13,75,8.91523,9.03423,
0,1,100,8.92001,9.80231,
5,4,50,8.92325,9.47908,
10,11,100,8.92481,9.03825,
2,3,50,8.92824,9.31869,
10,6,75,8.94705,9.07381,
4,6,100,8.96337,11.0578,
7,4,50,8.97315,11.2769,
10,7,75,8.98071,14.3216,
13,2,50,8.99324,9.65481,
6,0,75,8.99523,9.59818,
1,12,75,9.02458,10.9431,
5,8,100,9.05289,10.1104,
6,13,50,9.05798,9.31866,
0,1,100,9.06243,10.1485,
1,10,75,9.0677,9.33522,
5,11,75,9.07289,9.83446,
2,5,50,9.08169,9.32373,
9,4,50,9.08614,9.23241,
2,13,100,9.12111,9.7959,
4,11,75,9.12583,9.32275,
12,4,100,9.14447,9.39993,
13,6,50,9.14759,9.88622,
6,3,75,9.15133,9.99167,
11,10,50,9.1617,9.20904,
12,11,75,9.16705,10.4406,
1,13,75,9.18349,10.2478,
6,12,75,9.19077,9.34999,
4,3,100,9.20139,9.332,
13,1,75,9.21697,10.4007,
2,9,50,9.23444,10.887,
0,10,50,9.2394,12.0352,
5,1,100,9.25324,11.3604,
3,5,50,9.25417,9.3669,
7,6,100,9.26779,9.82213,
11,4,50,9.30652,10.0685,
8,0,50,9.30713,10.2175,
12,10,50,9.31088,9.56264,
8,5,50,9.33718,9.8474,
2,5,50,9.34139,10.5937,
3,5,50,9.36462,9.42598,
4,7,100,9.36597,9.78182,
6,9,75,9.36635,9.45338,
10,5,50,9.36728,11.0227,
0,13,50,9.37039,10.9045,
11,6,75,9.37536,9.97987,
13,7,50,9.38341,9.7722,
3,10,100,9.39173,10.4349,
10,4,100,9.39282,9.87879,
4,6,75,9.39597,10.3545,
4,13,50,9.39911,12.4705,
10,0,100,9.40774,10.0545,
8,9,100,9.40955,10.1365,
9,6,75,9.41812,10.3594,
12,3,100,9.42593,9.51269,
6,7,100,9.42967,9.93013,
2,1,50,9.43471,9.49642,
12,3,100,9.4396,9.51116,
13,6,75,9.45133,11.6219,
11,5,50,9.4534,9.59742,
13,8,50,9.49582,9.64848,
6,9,100,9.52239,9.59553,
5,13,75,9.54377,9.81208,
9,13,75,9.55304,10.967,
2,10,75,9.56916,10.0268,
12,1,100,9.57579,11.476,
13,11,100,9.59274,11.5163,
2,5,100,9.59299,12.1288,
9,0,100,9.62007,12.202,
3,10,50,9.62021,12.5213,
10,1,75,9.62547,10.1151,
4,3,75,9.63154,9.69713,
4,7,75,9.64318,11.035,
11,2,50,9.64701,10.0792,
12,3,50,9.65019,9.73459,
6,5,50,9.66715,12.2629,
4,1,100,9.67547,10.879,
9,2,50,9.68817,9.80391,
6,9,50,9.69576,10.3283,
12,8,75,9.69678,10.9056,
2,4,75,9.69713,10.1252,
6,3,100,9.70253,11.5668,
4,7,50,9.73924,9.88949,
13,6,50,9.74842,10.0127,
4,7,75,9.75813,12.2327,
7,13,100,9.76158,11.6161,
3,4,50,9.77981,9.99523,
7,1,100,9.78082,10.816,
3,6,50,9.80135,12.0403,
8,10,50,9.80545,10.0292,
10,9,100,9.80861,9.81179,
0,10,75,9.81887,11.9185,
3,0,75,9.82765,9.86931,
10,12,50,9.83706,11.3576,
4,10,50,9.83981,11.7178,
12,0,100,9.84142,10.5191,
12,2,50,9.84575,11.3227,
8,6,75,9.84747,11.4083,
0,8,50,9.86378,10.3809,
13,9,50,9.90901,10.2711,
0,13,75,9.91231,10.1059,
3,5,75,9.91488,11.4164,
13,8,100,9.91975,10.7059,
8,7,50,9.93642,9.98395,
9,11,100,9.94328,10.1122,
8,1,50,9.95495,10.6237,
8,4,75,9.97824,10.8141,
12,1,75,10.0104,10.3028,
9,5,50,10.031,11.7744,
8,12,75,10.0325,11.1905,
4,11,50,10.0343,11.079,
12,5,50,10.0488,10.7547,
12,8,50,10.0603,10.3028,
2,9,75,10.0627,10.5196,
8,3,50,10.0678,11.7,
13,3,75,10.0748,11.3039,
7,0,50,10.0782,11.7037,
2,0,100,10.0792,10.3767,
0,2,100,10.0853,10.2205,
13,5,75,10.0882,10.8587,
4,11,100,10.0966,12.446,
9,2,75,10.1169,10.1322,
7,8,75,10.1206,11.0009,
10,13,75,10.1288,11.5033,
3,4,100,10.1306,10.7468,
10,4,75,10.1399,10.1717,
1,3,50,10.1497,10.3503,
8,9,50,10.1498,10.7418,
5,11,100,10.1538,10.4329,
1,8,50,10.1691,10.4461,
0,3,50,10.1694,11.4514,
7,4,100,10.1788,10.2231,
0,8,50,10.1836,10.2109,
13,2,75,10.1849,12.1281,
13,12,50,10.1935,10.1985,
13,7,100,10.1972,14.4269,
10,6,75,10.2048,11.5158,
13,12,75,10.2101,10.3031,
5,11,100,10.2218,12.109,
4,3,75,10.2571,11.4922,
10,12,100,10.258,10.539,
12,7,75,10.2584,11.2935,
10,9,50,10.269,11.2417,
4,6,75,10.2838,10.7492,
1,10,75,10.3047,13.753,
2,3,50,10.3097,11.5025,
11,8,75,10.3104,11.5293,
5,8,75,10.3146,11.7244,
13,4,50,10.3167,10.339,
2,3,75,10.3177,11.5974,
10,4,100,10.3183,10.5129,
0,5,75,10.3226,11.859,
2,9,75,10.3426,11.4837,
5,4,100,10.3443,10.8025,
12,4,75,10.3455,11.6736,
13,1,75,10.3606,10.6275,
9,10,100,10.3683,12.8839,
1,13,75,10.3703,10.7395,
10,1,75,10.3719,11.5561,
8,11,50,10.3904,11.8049,
10,2,75,10.3945,10.8508,
3,6,75,10.425,10.8216,
9,4,100,10.4305,10.8798,
9,7,75,10.4424,10.678,
9,8,100,10.4624,11.48,
8,9,50,10.4631,12.7104,
0,9,75,10.4689,12.594,
2,12,50,10.4855,13.487,
6,5,50,10.5197,10.7136,
8,11,100,10.52,11.9083,
11,13,75,10.5291,10.7691,
3,9,50,10.5308,10.7311,
12,0,100,10.5382,10.6655,
8,4,100,10.5519,12.077,
12,3,100,10.5753,12.1819,
1,9,100,10.5852,10.9905,
12,2,50,10.5893,10.8067,
12,10,100,10.6053,10.884,
7,4,75,10.6079,11.2349,
0,11,100,10.6106,12.706,
4,3,75,10.6135,11.7113,
11,8,75,10.6146,11.1081,
4,3,50,10.6181,11.3943,
8,10,75,10.6232,11.0844,
11,0,100,10.638,15.2668,
2,3,50,10.646,11.8797,
11,4,50,10.6549,12.6532,
7,1,100,10.6675,10.9562,
7,0,100,10.6699,13.1791,
5,12,50,10.6768,11.4685,
10,3,50,10.6871,11.2413,
9,6,50,10.6905,10.7846,
4,0,75,10.6919,13.107,
2,8,100,10.7048,11.0963,
9,7,50,10.7061,11.7733,
9,6,100,10.7081,14.3755,
4,3,75,10.7183,10.7458,
10,7,100,10.7251,11.6308,
4,11,100,10.7374,11.0986,
6,10,100,10.7624,12.3231,
11,0,50,10.7842,12.034,
8,9,75,10.8074,10.896,
7,1,100,10.8132,11.0826,
0,4,100,10.8288,11.36,
12,7,75,10.8372,10.9969,
4,10,50,10.8495,11.2734,
6,0,100,10.8559,12.0774,
8,0,50,10.8629,11.0153,
8,2,100,10.8657,10.8785,
13,1,75,10.8728,11.3618,
9,2,50,10.8795,13.2343,
10,0,75,10.88,12.6873,
5,6,100,10.896,11.3634,
9,0,50,10.9139,11.3903,
13,11,75,10.9253,11.2077,
1,8,50,10.9272,11.0956,
3,6,50,10.9377,11.1389,
4,1,50,10.9493,12.1767,
2,3,100,10.9562,11.1012,
11,9,100,10.9574,13.6061,
10,4,75,10.9604,13.7247,
12,11,50,10.9631,11.6125,
2,1,50,10.9669,11.1557,
11,12,50,10.9673,11.5451,
11,0,100,10.9692,12.0005,
9,5,75,10.9734,11.6969,
13,10,50,10.9799,11.1662,
9,1,75,10.9813,13.1164,
6,3,50,10.9864,12.3435,
13,6,50,10.9881,11.4518,
13,0,100,11.0005,13.3224,
11,4,100,11.0107,12.6817,
6,13,75,11.0124,11.7993,
9,8,75,11.0173,11.2572,
6,12,75,11.0362,11.6629,
4,13,100,11.0388,11.8138,
0,10,50,11.0486,12.2245,
6,1,50,11.0488,11.5699,
11,8,100,11.0613,12.9502,
4,3,75,11.0624,12.0064,
1,12,100,11.0655,11.3498,
8,10,50,11.0666,12.5398,
10,0,100,11.067,11.5888,
4,0,100,11.0736,11.1911,
6,7,50,11.0783,11.7334,
0,11,75,11.0852,11.2255,
10,9,100,11.0939,11.517,
7,6,75,11.1016,11.1963,
7,13,50,11.1165,11.2334,
8,10,100,11.1206,12.0426,
4,7,100,11.1293,11.8705,
1,9,100,11.1303,12.0583,
10,7,75,11.1323,12.5954,
5,10,75,11.1439,11.4005,
1,4,100,11.1444,12.6537,
0,12,100,11.1464,11.2393,
2,4,75,11.1749,11.8521,
13,11,50,11.1923,11.6435,
1,4,50,11.1957,11.1972,
0,11,50,11.2194,12.9066,
11,13,50,11.2326,12.278,
0,12,75,11.2391,13.2699,
9,10,50,11.246,12.3898,
9,12,100,11.2669,11.3136,
0,8,75,11.319,11.6042,
13,0,50,11.3298,11.4383,
2,1,75,11.3418,11.549,
7,8,100,11.3445,12.0277,
3,13,75,11.3521,11.5415,
0,4,50,11.3622,11.5766,
11,4,50,11.3673,12.2143,
12,1,50,11.3705,13.8411,
3,13,50,11.3814,11.4276,
0,4,50,11.4417,12.5855,
4,12,100,11.4739,13.8816,
13,9,75,11.4837,11.5289,
13,10,50,11.486,11.6193,
12,1,50,11.4906,13.2966,
3,6,100,11.4983,15.6039,
11,7,75,11.4989,12.8976,
6,2,100,11.5113,11.9371,
11,7,75,11.5265,11.5818,
12,1,100,11.5911,11.8772,
2,8,100,11.5958,12.3034,
0,2,75,11.6,13.3133,
9,13,100,11.606,11.9211,
6,10,75,11.6164,12.7481,
4,9,75,11.6167,12.0469,
9,12,100,11.6198,12.0408,
3,9,50,11.631,13.3908,
1,2,50,11.6321,13.3159,
5,12,75,11.6334,11.9613,
5,3,50,11.6425,11.6933,
11,10,50,11.6462,12.3067,
4,7,50,11.6491,11.7424,
12,9,100,11.6541,12.0667,
7,12,75,11.6588,12.4132,
9,0,75,11.6597,12.9315,
11,13,100,11.6707,12.1646,
9,12,75,11.6778,12.0367,
3,8,50,11.6824,12.5222,
11,6,75,11.6864,11.9324,
10,4,75,11.6921,13.3131,
2,9,75,11.6975,11.717,
7,8,100,11.719,13.7343,
10,11,75,11.7211,13.1297,
12,11,50,11.7243,12.1711,
9,6,50,11.7344,12.2073,
12,2,50,11.7384,12.2827,
5,1,75,11.7474,11.8046,
8,12,100,11.7911,13.032,
4,5,50,11.801,12.9048,
6,11,75,11.813,11.9256,
4,8,100,11.8229,12.2267,
10,8,50,11.8239,12.393,
6,5,50,11.8347,12.1602,
7,4,75,11.8381,13.5527,
1,8,75,11.8394,15.0977,
1,0,50,11.8546,12.9766,
9,12,50,11.8555,13.7185,
4,8,100,11.8583,12.5734,
13,8,100,11.8778,11.9139,
6,3,50,11.9002,13.6392,
12,9,75,11.9153,12.7429,
7,0,75,11.9241,12.3104,
7,4,75,11.9312,12.8164,
3,0,75,11.9317,13.2535,
8,11,50,11.9448,13.0044,
13,0,50,11.9455,13.3201,
1,7,100,11.9865,12.1636,
6,3,100,11.9958,12.6572,
13,11,75,11.9958,12.1902,
7,3,50,12.0072,13.1318,
8,13,75,12.0171,12.4245,
6,12,100,12.0384,13.5208,
1,9,75,12.0446,12.9489,
13,7,75,12.0626,12.3664,
1,7,75,12.0676,12.1194,
6,8,100,12.0698,13.1738,
1,6,50,12.0729,12.4688,
7,2,50,12.0926,12.7018,
4,12,100,12.0952,14.4372,
11,12,50,12.1065,13.8015,
11,6,75,12.1187,12.7336,
6,9,100,12.1192,12.7734,
8,10,100,12.1204,13.5089,
0,3,100,12.122,12.6207,
11,6,100,12.1374,12.9437,
8,12,75,12.1524,13.5581,
2,9,50,12.1691,13.6241,
9,8,75,12.1699,12.2799,
1,13,75,12.2043,12.8962,
6,0,100,12.2087,12.336,
4,5,75,12.2142,13.5506,
13,8,75,12.2156,12.5338,
6,8,50,12.2162,12.6831,
0,8,50,12.2335,12.2936,
6,11,75,12.2346,12.7657,
6,4,100,12.2437,13.2507,
0,10,75,12.2548,12.8043,
8,9,100,12.2553,13.6162,
13,1,100,12.2565,12.7561,
0,5,75,12.2738,12.4919,
5,12,100,12.278,12.492,
6,7,100,12.2955,12.5005,
9,12,50,12.2987,13.2877,
12,10,100,12.3159,12.5078,
11,10,50,12.3177,13.8191,
9,1,50,12.3291,14.5269,
12,3,100,12.3337,12.8874,
7,9,75,12.3355,13.3589,
9,11,75,12.3526,15.5382,
12,10,75,12.361,13.4191,
4,13,100,12.379,12.784,
10,1,100,12.3824,13.0003,
9,3,75,12.3925,13.1217,
10,5,100,12.403,15.5334,
13,10,50,12.4153,12.4846,
6,7,100,12.425,12.5827,
12,3,100,12.441,13.7863,
2,13,50,12.4484,15.5985,
10,11,50,12.4533,13.2126,
6,10,100,12.4544,14.1481,
2,13,100,12.4666,14.6134,
4,2,100,12.4788,13.8147,
3,6,75,12.5083,14.1746,
12,10,50,12.5128,15.1135,
8,10,75,12.5244,12.6245,
8,3,50,12.5296,12.7716,
3,8,100,12.5335,14.0857,
6,2,100,12.5423,14.1307,
5,13,75,12.5822,16.2063,
2,10,100,12.5867,13.8429,
1,3,100,12.5873,12.8214,
7,9,50,12.5902,14.1986,
13,1,75,12.6083,13.1605,
8,9,50,12.6284,12.64,
0,4,75,12.6533,14.3309,
6,1,75,12.6545,14.9494,
3,5,75,12.6948,12.916,
7,12,75,12.7004,13.2494,
12,3,50,12.7085,13.1251,
6,3,50,12.7243,13.0087,
6,13,75,12.7264,12.8742,
8,9,100,12.7334,12.8013,
6,3,100,12.7345,12.9903,
7,6,50,12.7368,15.287,
8,0,50,12.7402,12.978,
13,12,100,12.7455,13.1984,
4,1,50,12.75,13.1234,
8,5,50,12.7672,13.3284,
10,11,100,12.7788,13.6683,
12,0,50,12.7828,14.2275,
8,9,100,12.7853,12.7918,
11,6,50,12.7871,15.6448,
5,0,100,12.7916,13.8802,
5,2,75,12.8097,14.0137,
5,1,100,12.8159,13.5204,
11,3,75,12.8204,13.4834,
0,2,75,12.8423,15.6967,
12,7,50,12.8575,18.1487,
3,11,75,12.8671,13.9186,
6,10,50,12.8697,13.8061,
4,11,100,12.8815,12.9085,
2,9,50,12.8869,13.5258,
9,4,50,12.8963,13.1478,
8,9,100,12.9142,13.8476,
10,0,75,12.9402,13.7524,
6,3,100,12.9412,14.844,
6,7,50,12.9444,13.7239,
5,4,100,12.9459,13.7711,
2,6,100,12.9502,13.1492,
13,9,100,12.9511,20.8634,
0,4,100,12.9532,13.6209,
13,2,100,12.9548,13.1101,
6,12,100,12.9583,13.241,
6,3,100,12.9785,15.8818,
4,5,75,12.9804,13.3405,
13,11,75,12.9937,14.8084,
0,4,50,12.999,13.5968,
13,11,100,13.0109,13.908,
13,3,75,13.0187,14.1895,
4,12,100,13.0247,14.1927,
2,6,100,13.0315,15.6038,
12,2,100,13.0497,13.476,
7,8,75,13.0571,13.9209,
12,6,75,13.0615,14.8239,
5,8,100,13.0723,17.3782,
10,0,100,13.0723,14.3178,
4,9,75,13.0852,13.8956,
1,9,50,13.0876,13.1012,
5,3,100,13.0992,13.4792,
10,5,100,13.0999,14.7216,
0,4,50,13.12,14.0961,
9,5,75,13.123,14.7871,
8,6,75,13.1236,16.506,
2,9,50,13.1865,13.8156,
6,2,75,13.198,15.2747,
12,8,75,13.2211,13.9951,
3,11,100,13.2215,15.2477,
13,0,75,13.2326,13.5097,
0,12,100,13.2385,15.8467,
1,13,50,13.2415,14.9353,
12,1,50,13.2461,13.4616,
4,11,100,13.2632,14.4434,
11,5,100,13.264,13.3868,
13,9,75,13.2661,15.5902,
4,2,100,13.267,13.5801,
2,13,75,13.2772,13.6877,
13,0,75,13.2951,13.402,
5,7,100,13.3028,14.9395,
3,10,50,13.3208,13.6032,
5,7,75,13.34,13.834,
3,1,50,13.3731,14.9895,
6,4,50,13.413,14.4955,
8,6,75,13.455,14.8142,
2,3,75,13.4574,13.5395,
2,8,50,13.4644,13.578,
9,13,75,13.4926,14.4489,
4,7,75,13.5167,14.132,
11,9,75,13.5177,14.1229,
9,2,50,13.5268,13.5717,
7,5,100,13.5443,14.4504,
10,11,100,13.552,14.3605,
8,3,75,13.5603,16.5892,
10,0,100,13.5616,15.9995,
12,6,50,13.5632,13.7502,
1,5,100,13.5663,13.7528,
6,2,75,13.5736,15.4571,
11,0,50,13.5873,13.7235,
4,8,75,13.5973,13.9502,
2,7,75,13.6316,14.0194,
0,10,75,13.6411,16.131,
1,12,100,13.6515,14.2815,
6,12,100,13.6566,15.4376,
6,9,75,13.6575,13.7951,
4,9,50,13.661,15.253,
10,0,100,13.6652,13.7057,
13,4,100,13.6778,13.7966,
5,4,100,13.6805,14.6792,
1,9,75,13.6812,14.6647,
7,8,50,13.6874,14.3522,
2,13,100,13.6884,15.1097,
6,0,100,13.6945,14.1799,
1,10,100,13.7036,14.2763,
1,4,100,13.7272,14.5697,
7,12,50,13.7431,13.9938,
10,4,50,13.7459,14.1615,
7,2,100,13.7648,14.5446,
7,3,50,13.7689,17.0744,
0,3,100,13.7875,13.8119,
13,6,100,13.7981,14.9324,
4,6,100,13.7993,17.6483,
10,11,100,13.8018,14.514,
13,5,100,13.8034,15.3138,
3,7,50,13.8069,14.1051,
1,12,50,13.8103,14.8942,
12,5,50,13.8497,14.3455,
6,1,100,13.8581,15.8446,
3,1,50,13.8631,14.0372,
10,11,50,13.8728,14.8189,
7,6,50,13.8738,14.8696,
9,12,75,13.8796,13.8867,
3,10,50,13.8961,14.4893,
2,12,75,13.9056,14.8327,
6,0,75,13.9071,14.2227,
8,9,100,13.9103,17.0483,
4,12,100,13.9277,15.491,
0,12,100,13.9357,14.0862,
2,6,100,13.9528,17.0156,
5,8,100,13.9588,16.2044,
13,0,75,13.9953,14.1952,
8,2,75,14.0125,14.7478,
5,7,50,14.0137,15.8106,
0,12,100,14.018,15.497,
2,11,50,14.0228,15.4853,
5,9,100,14.0353,17.0173,
13,11,50,14.0501,15.0649,
10,6,100,14.075,15.5488,
12,9,100,14.0752,15.5896,
12,11,50,14.0775,15.1319,
4,13,100,14.0788,16.1182,
12,5,100,14.0789,16.5359,
13,6,50,14.0885,14.3965,
1,9,100,14.0922,14.3938,
4,12,75,14.0956,15.1831,
11,12,50,14.0971,14.6958,
11,7,75,14.1016,14.8599,
5,13,100,14.1068,15.2342,
1,6,75,14.1183,14.7562,
9,2,75,14.1376,14.4429,
7,2,75,14.1387,14.6404,
1,0,75,14.1522,14.5206,
0,2,75,14.1615,14.8898,
10,3,50,14.1687,15.3798,
6,8,75,14.1689,14.2964,
13,11,75,14.1706,14.2378,
8,3,50,14.1771,14.5965,
10,0,75,14.1777,15.5516,
8,4,50,14.18,14.284,
7,9,100,14.2254,15.012,
1,10,100,14.2325,16.7989,
10,7,50,14.2448,15.4508,
13,4,50,14.2451,14.3576,
12,5,75,14.255,14.4793,
0,12,75,14.259,14.271,
6,4,50,14.2647,16.1375,
10,3,50,14.2661,15.4404,
7,5,50,14.27,18.0195,
5,12,50,14.3061,14.4666,
9,13,75,14.3308,15.9065,
1,5,100,14.3331,14.6475,
3,12,75,14.3347,14.81,
1,0,75,14.3394,14.8078,
8,10,100,14.3451,15.2611,
11,5,100,14.3524,15.6371,
10,5,100,14.3614,15.1345,
12,6,50,14.3636,15.0757,
0,3,50,14.3697,14.7658,
11,7,100,14.3816,14.8454,
4,9,100,14.3894,16.1801,
5,0,50,14.3896,17.069,
11,1,100,14.3981,15.668,
0,10,50,14.4,15.9653,
7,6,75,14.4002,14.6689,
10,3,75,14.4063,15.1024,
9,10,50,14.4078,15.7622,
8,1,100,14.4103,16.6701,
13,11,100,14.4104,15.1989,
3,0,50,14.4127,14.9149,
0,2,50,14.4418,14.8344,
7,6,75,14.4437,14.4984,
1,13,75,14.4639,15.4048,
13,10,75,14.4991,14.8591,
2,13,75,14.5054,14.752,
3,13,50,14.523,15.7883,
10,7,50,14.5259,15.6993,
5,6,75,14.5412,15.4546,
12,8,100,14.5441,14.6977,
11,1,100,14.5442,15.0327,
7,8,75,14.5456,15.038,
10,5,50,14.5648,16.0936,
13,4,100,14.5706,15.5066,
2,8,100,14.5717,15.1107,
3,2,75,14.5736,15.7815,
13,11,100,14.5868,15.1753,
4,1,50,14.593,15.0125,
12,11,100,14.6051,15.9667,
4,12,75,14.6082,14.7375,
2,10,75,14.6193,14.7886,
13,1,100,14.6247,17.3032,
1,8,100,14.6378,17.1463,
11,1,100,14.6386,15.574,
4,12,50,14.6421,19.2995,
5,11,100,14.6454,14.7039,
9,0,100,14.6562,14.6773,
13,10,75,14.6612,15.9433,
12,4,50,14.6741,14.9655,
2,5,100,14.6801,15.3148,
11,13,75,14.6944,16.7755,
3,0,100,14.7119,16.2938,
13,8,50,14.7377,14.9875,
0,1,50,14.7478,15.8055,
12,1,100,14.7506,14.8682,
13,12,75,14.7518,15.3263,
10,13,100,14.7537,16.8432,
10,11,50,14.7772,15.5173,
4,12,75,14.7932,16.4567,
9,8,100,14.8052,16.4469,
4,6,50,14.8072,15.2896,
2,3,100,14.8281,15.4949,
0,2,100,14.851,16.8165,
8,10,50,14.8986,15.0494,
3,8,50,14.9003,15.1173,
12,6,100,14.9103,15.6979,
12,11,75,14.9104,16.4922,
3,9,100,14.9181,15.0178,
5,0,50,14.9253,15.0163,
0,2,50,14.9462,15.5765,
1,13,50,14.9547,16.8265,
11,5,75,14.9675,17.2273,
9,8,50,14.9749,15.4482,
7,12,75,14.979,15.2214,
5,12,75,14.9862,15.7262,
11,1,50,14.9907,15.0191,
6,4,100,15.007,15.3624,
10,1,50,15.008,15.5382,
10,13,75,15.0097,16.3441,
3,0,50,15.0159,15.9645,
7,6,75,15.027,16.1761,
10,9,100,15.0403,16.6815,
3,2,100,15.0434,16.8137,
13,12,50,15.0555,15.2221,
11,2,100,15.0819,16.0742,
12,1,50,15.0847,15.3634,
2,9,100,15.0985,16.4144,
1,10,75,15.1014,16.2147,
6,2,50,15.1132,15.6222,
6,8,75,15.1277,16.2737,
12,8,100,15.1336,15.1819,
2,11,50,15.1419,15.1751,
2,5,50,15.1496,15.5552,
3,11,75,15.1641,15.8323,
9,11,50,15.1644,15.3156,
6,7,50,15.1692,15.3453,
0,4,50,15.1833,18.9161,
6,2,50,15.1909,16.1287,
13,9,100,15.2083,16.6849,
5,8,50,15.2108,15.7225,
5,7,75,15.2212,15.7476,
4,7,75,15.2216,15.3383,
3,8,50,15.2233,15.637,
10,7,50,15.2309,15.4225,
11,4,75,15.25,15.7735,
3,2,100,15.2694,15.3212,
11,7,75,15.2892,16.9497,
4,0,75,15.2896,16.3376,
7,3,100,15.2976,15.5607,
7,0,75,15.3035,15.8071,
12,5,50,15.3042,15.8943,
5,4,50,15.3342,15.803,
0,7,100,15.3348,16.4618,
6,9,50,15.3354,17.1479,
9,11,100,15.344,15.9593,
12,13,50,15.3445,16.8748,
10,2,100,15.3659,16.5734,
3,7,100,15.3689,15.4243,
13,11,100,15.3931,15.5645,
11,10,75,15.3966,17.1203,
0,6,50,15.4035,15.4487,
0,12,50,15.4098,17.6351,
3,13,50,15.4163,16.2317,
5,12,100,15.422,15.7672,
9,1,75,15.4354,16.7948,
11,6,100,15.4433,16.3395,
0,7,75,15.4697,16.5652,
10,5,100,15.4825,15.7676,
4,2,100,15.4842,16.3386,
5,2,75,15.4873,15.9283,
1,4,100,15.4952,18.8589,
3,7,50,15.5011,15.5326,
13,2,75,15.5374,16.0296,
1,0,50,15.5653,15.9009,
9,10,75,15.5903,16.6003,
8,1,75,15.5905,16.178,
4,1,100,15.5905,16.1638,
7,9,50,15.5997,16.7348,
1,2,50,15.6056,16.9791,
10,5,75,15.6069,15.8143,
5,12,75,15.6229,15.9913,
10,13,50,15.6361,15.7862,
12,7,75,15.6639,16.72,
4,11,50,15.6849,16.4537,
4,0,50,15.6881,16.1533,
3,6,100,15.6959,16.6975,
9,5,100,15.6981,16.3763,
8,11,50,15.6992,18.1813,
3,8,50,15.701,16.9267,
8,10,75,15.7435,16.5668,
12,4,75,15.7754,16.3698,
4,13,50,15.7901,16.3296,
10,7,100,15.8078,16.3802,
8,7,75,15.8294,16.9521,
0,12,50,15.8313,16.6256,
3,11,75,15.873,18.1676,
5,13,100,15.8914,20.08,
2,3,100,15.8924,15.9974,
0,4,75,15.8933,16.0026,
11,13,50,15.9004,16.0883,
8,11,75,15.9138,17.0815,
12,1,100,15.9375,16.5555,
5,3,50,15.9471,16.2529,
12,13,75,15.9502,16.6221,
2,6,50,15.9568,17.8084,
11,6,100,15.9622,16.4004,
10,13,100,15.9629,18.1859,
9,6,50,15.9661,17.9172,
13,8,50,15.9683,16.6458,
10,4,75,15.9947,16.2936,
0,5,100,16.0014,16.8847,
11,13,75,16.0114,17.8119,
10,0,75,16.0181,18.5762,
0,4,75,16.0504,16.1992,
8,6,75,16.0655,16.3285,
9,4,100,16.0655,16.1033,
9,7,100,16.0778,16.4925,
12,10,100,16.0803,16.448,
7,6,100,16.0807,19.4867,
8,13,100,16.1266,17.5655,
4,12,50,16.1399,16.9079,
13,1,75,16.1438,18.0339,
7,10,50,16.148,16.1835,
6,9,100,16.1687,16.6966,
10,1,75,16.1758,16.77,
4,13,100,16.1762,20.4465,
0,12,100,16.1777,16.8462,
11,5,100,16.1803,17.8044,
7,1,50,16.1872,17.0757,
9,12,75,16.1953,16.9208,
3,7,50,16.2028,17.4709,
12,3,50,16.2084,16.7144,
6,1,100,16.2099,16.8923,
10,7,50,16.2239,17.4687,
12,5,100,16.2276,20.7959,
0,8,50,16.2297,17.9824,
12,3,50,16.2369,18.4562,
8,6,100,16.252,16.9704,
5,8,50,16.2573,18.1581,
6,3,100,16.2709,16.3775,
0,11,75,16.2788,18.6653,
0,4,50,16.2926,16.763,
4,2,75,16.2995,16.9661,
10,3,100,16.3029,18.1493,
5,1,100,16.3115,18.0614,
13,10,50,16.3306,16.4404,
1,8,100,16.3409,18.0582,
4,13,100,16.3436,17.6195,
11,10,100,16.3484,20.519,
4,9,75,16.3654,16.484,
3,1,75,16.3701,17.4392,
10,9,50,16.3776,17.3787,
5,8,75,16.3936,17.9204,
4,5,75,16.4001,16.4718,
9,10,100,16.4013,16.4121,
12,8,75,16.4353,18.258,
12,0,75,16.4521,18.1641,
8,1,50,16.4523,18.4835,
1,11,100,16.4676,18.3494,
1,7,75,16.4892,16.9341,
6,10,75,16.4923,16.8236,
2,10,50,16.4929,16.5119,
1,4,75,16.4936,17.9243,
4,10,100,16.502,16.6767,
11,7,75,16.5206,16.8539,
7,2,100,16.5257,19.4251,
6,3,50,16.5774,16.832,
0,8,50,16.5783,17.3321,
2,4,75,16.5871,18.6422,
3,12,75,16.5893,17.1877,
13,11,75,16.5897,17.2701,
13,1,50,16.6171,18.1975,
9,2,100,16.6224,20.5771,
13,0,50,16.631,18.2668,
12,5,75,16.6375,18.6885,
2,11,75,16.6455,17.1365,
7,1,50,16.6471,16.6568,
11,10,50,16.6473,18.3277,
8,6,50,16.6491,18.2074,
8,6,100,16.6687,19.2673,
6,8,50,16.6703,17.3713,
8,12,50,16.684,16.7707,
4,6,50,16.6869,16.7803,
8,3,50,16.6893,16.8753,
12,10,100,16.6976,18.2307,
2,1,75,16.6978,17.6392,
11,12,50,16.7161,17.2625,
11,4,50,16.7327,17.2478,
7,12,100,16.7358,17.2511,
1,2,75,16.7414,16.8181,
0,8,100,16.7446,17.4903,
5,7,50,16.7726,17.1241,
2,1,75,16.7972,17.1543,
11,12,100,16.7974,18.6664,
3,10,100,16.8007,19.477,
3,9,50,16.8273,18.0054,
8,1,75,16.8331,17.1482,
5,13,50,16.8389,17.4962,
7,11,50,16.8464,17.4848,
0,7,50,16.8586,17.6953,
11,12,50,16.9126,17.3973,
9,7,50,16.9376,17.2058,
7,1,100,16.9453,17.6601,
8,13,50,16.9813,17.8374,
3,0,100,16.9815,17.7442,
4,12,100,16.9951,17.9598,
8,5,75,17.0202,17.4851,
6,8,50,17.0221,18.6128,
3,11,100,17.0361,19.0306,
13,5,75,17.0487,18.5698,
10,12,75,17.0544,17.6281,
6,9,100,17.0607,17.8031,
6,0,50,17.0696,17.1301,
10,6,100,17.0743,18.614,
3,10,75,17.0849,17.8574,
2,9,75,17.0856,17.723,
9,13,75,17.093,17.4276,
3,13,100,17.0973,17.783,
6,7,50,17.1223,19.7035,
0,3,50,17.1303,17.2496,
0,9,50,17.1318,17.7027,
0,11,100,17.1333,18.929,
1,9,100,17.1367,17.7608,
0,3,100,17.1703,18.5721,
6,8,100,17.175,18.1372,
2,3,100,17.1799,18.3726,
11,6,100,17.1834,17.3666,
7,5,75,17.1851,17.2376,
4,10,75,17.2217,17.6336,
13,0,50,17.2382,18.814,
10,3,100,17.2822,17.9609,
5,8,75,17.2901,18.7335,
11,12,75,17.2915,17.6107,
11,12,100,17.3028,17.7255,
0,5,50,17.3043,17.501,
7,9,100,17.3228,19.4332,
13,8,100,17.381,17.8199,
10,8,50,17.3882,17.5745,
3,13,50,17.4012,18.2531,
0,13,100,17.4051,18.8292,
2,6,75,17.4076,18.5199,
11,5,50,17.4536,17.5174,
6,3,75,17.4771,17.765,
0,12,75,17.4784,18.124,
1,6,50,17.4815,17.7479,
13,0,100,17.4914,19.4646,
2,0,50,17.4983,17.7035,
12,9,50,17.5006,21.1526,
6,9,75,17.5093,17.6621,
8,1,75,17.5125,17.6559,
5,1,50,17.5172,17.8511,
5,6,50,17.5199,17.6241,
4,2,50,17.5217,18.875,
12,13,100,17.5412,19.2144,
13,6,75,17.5488,19.128,
11,0,75,17.5499,20.2586,
12,3,100,17.5531,18.0147,
3,1,100,17.5534,19.9826,
13,2,75,17.5612,17.6804,
10,6,50,17.5828,19.8223,
7,1,75,17.5934,17.7994,
0,1,50,17.6048,17.7871,
12,2,50,17.606,17.781,
6,2,50,17.6447,17.7422,
2,13,100,17.6519,18.3821,
4,12,100,17.6548,17.8541,
6,7,100,17.6548,18.6244,
8,11,50,17.6616,17.6942,
8,10,100,17.668,17.7373,
4,11,100,17.6761,19.6278,
8,2,75,17.6893,18.0301,
13,9,75,17.6901,18.4319,
3,10,50,17.699,17.9809,
8,0,75,17.702,17.7999,
1,0,50,17.7197,18.3209,
13,3,50,17.7236,18.0182,
1,4,75,17.7286,18.257,
9,3,100,17.7343,18.0684,
6,8,100,17.7597,19.0229,
6,4,100,17.7697,17.9263,
13,8,75,17.7792,18.5588,
2,5,75,17.7797,17.9145,
12,5,50,17.806,18.2397,
10,4,100,17.8071,18.0718,
13,8,50,17.8097,18.218,
8,0,50,17.8209,17.9229,
6,4,75,17.8425,17.9432,
11,5,75,17.8435,18.6323,
12,7,100,17.8471,18.1965,
7,12,75,17.8563,18.3015,
5,3,50,17.857,18.5518,
0,2,50,17.8606,18.3157,
3,9,75,17.8714,18.0914,
10,5,50,17.8743,18.2994,
1,8,50,17.8934,18.7607,
2,0,100,17.9013,18.4443,
7,13,75,17.9301,18.4766,
2,7,100,17.9379,18.0894,
3,7,75,17.94,18.96,
4,6,75,17.9559,18.268,
8,11,50,17.9596,18.5297,
7,12,50,17.9658,20.0305,
9,7,100,17.966,18.4356,
1,4,75,17.973,20.5824,
7,10,100,17.9773,21.2695,
3,5,75,17.9889,18.8644,
5,12,100,17.995,19.2993,
10,1,75,18.0007,18.6895,
13,12,100,18.004,18.0204,
11,12,100,18.0044,18.7758,
12,4,100,18.0095,19.4776,
0,10,100,18.0277,18.7793,
13,11,50,18.0437,18.544,
11,1,50,18.0568,18.3197,
3,13,100,18.0735,19.1802,
10,8,75,18.0894,19.2248,
6,2,50,18.1042,18.1878,
3,1,100,18.1118,20.1435,
0,9,50,18.134,18.3432,
9,5,50,18.1361,19.2795,
8,11,75,18.1439,18.2437,
0,2,100,18.1439,21.4062,
10,0,75,18.2047,19.3541,
7,8,50,18.2422,19.1003,
11,6,75,18.2527,18.8364,
6,13,50,18.2562,18.4376,
1,0,75,18.2701,19.1389,
12,2,50,18.2845,18.3248,
6,4,75,18.2907,19.5548,
13,7,75,18.2972,18.659,
2,9,75,18.3028,19.0824,
7,4,75,18.3059,19.1012,
4,9,75,18.3082,18.9045,
1,10,50,18.3124,18.6224,
3,10,100,18.3167,18.4737,
11,7,50,18.3283,18.8049,
12,10,50,18.3428,18.3754,
8,1,75,18.4073,18.4707,
1,2,75,18.4208,18.481,
4,7,50,18.4365,18.8681,
13,9,50,18.4376,18.9243,
6,2,50,18.4456,22.1657,
12,13,50,18.4734,19.9522,
6,5,75,18.4757,19.1322,
5,7,75,18.4763,19.9056,
13,3,50,18.4793,18.5946,
12,8,100,18.4797,18.8977,
6,3,75,18.4878,18.8034,
11,0,50,18.495,18.848,
12,13,100,18.4997,20.1994,
10,6,75,18.5234,19.702,
9,7,75,18.5267,19.7987,
2,8,50,18.5506,19.8584,
1,7,100,18.5788,19.7124,
12,7,75,18.5806,19.0009,
11,13,50,18.5828,20.7314,
8,10,75,18.5933,23.4375,
11,8,100,18.6027,18.7298,
12,7,50,18.6121,18.9193,
1,13,75,18.6131,18.7582,
1,11,75,18.6176,18.9152,
13,4,50,18.6213,23.3766,
2,6,75,18.6214,20.4119,
7,0,50,18.6258,19.6316,
13,12,75,18.632,18.6822,
9,3,50,18.6325,19.078,
5,1,50,18.6484,21.0429,
5,9,75,18.684,18.8068,
13,3,50,18.6925,19.276,
4,10,100,18.703,19.7486,
10,6,75,18.7112,19.1453,
4,7,75,18.7167,18.7852,
0,6,100,18.7239,19.2583,
7,4,50,18.7356,18.8525,
5,1,100,18.7408,19.5849,
8,0,50,18.7447,21.096,
3,13,75,18.7491,19.2504,
10,0,100,18.7561,20.4518,
6,13,100,18.7761,19.271,
6,7,100,18.7922,21.8229,
11,2,75,18.8013,19.8138,
6,7,50,18.8053,18.901,
11,1,50,18.8089,20.6251,
13,12,100,18.8179,18.9225,
4,5,50,18.8234,20.2349,
11,4,75,18.8366,19.343,
1,12,75,18.8504,19.1401,
11,9,75,18.8526,20.413,
3,4,75,18.8544,18.8679,
5,1,100,18.8574,18.9259,
6,2,100,18.8627,20.1628,
7,9,100,18.8653,22.0069,
3,1,75,18.8877,20.8223,
3,13,75,18.8915,19.9331,
2,8,50,18.893,20.2306,
7,5,100,18.9444,19.1659,
10,7,50,18.9653,21.0919,
8,3,75,18.9657,19.0941,
1,5,50,18.9765,19.1807,
1,10,100,18.9773,21.8107,
8,1,50,18.9887,19.0448,
5,6,75,18.9974,19.9205,
9,1,50,18.9998,20.3148,
12,0,50,19.0024,21.2305,
8,12,50,19.0062,21.0954,
8,4,75,19.0087,20.612,
10,9,50,19.0158,19.9211,
2,13,100,19.0196,19.2875,
4,13,100,19.0381,20.0523,
10,9,100,19.0484,19.5493,
4,0,50,19.0567,19.1092,
13,5,100,19.0588,19.7624,
8,13,50,19.0746,22.567,
2,4,100,19.0854,19.2733,
5,10,50,19.1117,20.6346,
2,8,50,19.1196,19.6606,
0,5,50,19.143,19.2644,
12,4,75,19.1475,19.4272,
13,3,50,19.167,20.3212,
1,6,75,19.1734,21.1447,
7,11,50,19.1851,20.1108,
7,13,50,19.1951,20.2873,
4,13,50,19.2061,20.9128,
3,13,75,19.2088,19.8988,
5,2,50,19.2275,20.1434,
12,5,100,19.2694,19.8505,
9,0,100,19.2871,24.1912,
11,5,100,19.3193,19.4402,
10,6,75,19.3295,20.3226,
1,0,100,19.3303,21.2221,
11,10,50,19.3343,21.0154,
6,13,50,19.3348,19.4696,
13,11,50,19.3448,19.8482,
7,2,75,19.3564,19.7863,
8,5,100,19.3624,21.9991,
1,3,100,19.382,22.0171,
12,9,100,19.3915,20.3097,
2,12,75,19.3963,19.7508,
12,10,50,19.4039,20.6014,
5,10,50,19.4042,19.9237,
9,13,75,19.4224,19.7136,
4,3,50,19.4456,19.9018,
13,1,75,19.4481,20.666,
2,10,100,19.4611,20.6595,
1,9,50,19.4683,20.0638,
5,1,100,19.4721,20.7455,
5,11,75,19.4882,20.7952,
5,7,75,19.5017,20.6762,
9,13,100,19.5106,19.5424,
0,7,100,19.5189,19.5255,
3,10,50,19.5229,20.503,
6,10,100,19.5246,20.2099,
5,1,50,19.5387,21.0001,
8,5,75,19.5471,20.6398,
13,4,50,19.5527,22.9745,
5,7,100,19.5543,20.8495,
2,0,100,19.5657,21.2652,
6,13,50,19.5903,19.8505,
11,12,50,19.5947,20.9885,
13,8,50,19.6007,19.9147,
11,7,100,19.6074,20.5011,
1,11,100,19.6094,20.5251,
6,0,75,19.6119,20.5735,
7,13,100,19.6283,20.2883,
8,6,75,19.6394,23.5293,
3,13,50,19.6651,23.5169,
3,6,50,19.6676,20.056,
6,12,100,19.6768,20.9538,
6,5,50,19.684,19.7494,
12,10,75,19.6885,20.6158,
13,1,50,19.7059,19.7577,
5,6,75,19.717,20.3111,
2,5,75,19.7202,20.6775,
12,3,50,19.7259,20.3922,
6,4,100,19.7271,21.4038,
12,11,75,19.7356,20.6077,
13,2,75,19.738,21.3944,
5,3,100,19.7428,21.3601,
3,8,75,19.7435,20.2735,
12,3,50,19.755,20.5523,
4,10,100,19.7572,20.2842,
13,0,75,19.7601,20.0361,
12,13,50,19.7649,20.5551,
5,11,50,19.7691,21.3505,
2,10,100,19.7723,19.9413,
10,12,75,19.7757,21.4919,
9,12,50,19.7867,20.4144,
5,7,50,19.8018,22.63,
0,3,50,19.802,20.4328,
3,7,75,19.8112,19.893,
2,8,100,19.8126,20.7586,
9,2,100,19.8139,20.0176,
11,13,50,19.8145,19.8653,
5,9,50,19.825,20.1556,
6,2,100,19.8544,20.2312,
9,3,100,19.8583,20.71,
10,4,100,19.8721,20.7077,
11,9,50,19.8902,21.2412,
5,13,100,19.8954,19.9722,
1,6,100,19.8997,20.1306,
3,8,50,19.9123,20.8693,
8,3,100,19.925,20.9761,
12,7,50,19.9379,20.8092,
10,5,75,19.9559,22.1405,
9,2,100,19.9582,20.4772,
3,12,50,19.9646,20.1626,
1,13,100,19.9854,20.6982,
11,1,100,19.9928,20.5499,
4,3,75,20.0088,21.3128,
8,4,50,20.0223,20.5937,
4,11,75,20.0418,21.8626,
7,11,100,20.0427,21.8244,
11,1,100,20.0479,20.1047,
6,11,50,20.0811,20.3904,
5,9,75,20.0872,21.2051,
1,9,75,20.1184,20.6625,
3,6,75,20.1197,20.2466,
0,4,100,20.1418,20.3603,
7,11,50,20.1457,20.3896,
0,12,50,20.1501,20.6481,
1,10,100,20.1792,22.8387,
6,8,75,20.1993,20.5089,
2,12,75,20.2071,20.25,
3,6,75,20.2087,22.4152,
7,1,50,20.2274,21.1547,
13,7,75,20.2392,20.3039,
6,5,75,20.2497,20.6556,
8,2,75,20.2603,20.3291,
1,0,50,20.264,22.873,
8,3,50,20.2767,20.772,
6,8,100,20.2795,21.9691,
4,0,100,20.2819,20.3741,
7,9,100,20.3076,21.9701,
3,12,50,20.3095,22.1081,
3,11,100,20.3354,20.8124,
7,0,100,20.3422,20.443,
11,12,100,20.3489,20.4013,
10,9,100,20.3611,20.4063,
2,1,75,20.3664,20.3944,
0,7,75,20.3755,20.4102,
12,8,100,20.3773,21.6786,
4,6,100,20.3881,23.9426,
8,6,100,20.3939,24.253,
12,7,75,20.3962,21.6679,
7,3,100,20.4051,20.8627,
13,5,100,20.4112,22.0581,
12,6,75,20.4113,21.4535,
9,8,50,20.4197,22.1985,
13,1,50,20.4291,20.776,
3,1,75,20.4306,22.1098,
0,4,100,20.4324,23.9099,
6,4,50,20.4399,20.8473,
1,8,100,20.4399,21.2166,
7,2,100,20.4506,20.8447,
7,4,50,20.4689,21.1421,
0,12,75,20.4738,22.5394,
7,1,50,20.4791,21.7515,
5,3,100,20.4909,21.0979,
12,2,75,20.4972,22.2391,
2,5,75,20.5073,20.9499,
3,10,50,20.5277,24.079,
11,1,100,20.5306,20.5474,
10,5,100,20.5311,20.8872,
6,4,50,20.5338,22.9808,
0,8,100,20.5378,20.9822,
12,4,100,20.5431,21.396,
2,11,50,20.5543,22.1488,
4,0,75,20.558,24.0717,
9,4,50,20.5597,21.0834,
7,3,75,20.5644,20.6415,
5,4,100,20.5839,23.5223,
11,3,75,20.5856,22.8634,
8,10,100,20.5899,20.9193,
7,10,100,20.6094,21.8443,
13,11,100,20.6194,21.3387,
9,1,75,20.6198,22.6186,
0,4,100,20.633,23.2403,
11,12,75,20.6431,21.2201,
2,4,50,20.6513,23.3865,
10,5,75,20.664,20.961,
13,0,50,20.6661,23.9816,
10,9,50,20.6789,21.5656,
5,10,50,20.6888,21.067,
3,11,75,20.6989,21.0649,
13,8,100,20.7007,22.5046,
13,1,50,20.703,21.2567,
2,11,50,20.7078,21.6714,
8,5,75,20.7406,20.8342,
6,0,100,20.7408,21.0394,
3,12,75,20.7449,20.8724,
12,9,50,20.7473,21.2307,
13,8,50,20.7506,21.5496,
11,12,75,20.7581,21.4611,
7,5,50,20.7725,26.1524,
8,5,75,20.7759,22.0047,
7,2,75,20.7883,21.7067,
3,8,50,20.7962,21.6269,
9,6,100,20.8027,21.2253,
12,13,75,20.8189,22.479,
10,9,75,20.831,21.6124,
9,7,75,20.8399,23.3008,
11,4,100,20.8504,21.9398,
9,5,50,20.873,21.8715,
12,11,100,20.8902,21.8941,
6,3,50,20.8905,21.0506,
7,12,100,20.907,21.3789,
12,10,50,20.9211,21.0759,
5,11,100,20.9233,21.6154,
5,12,100,20.928,20.9917,
11,10,100,20.9576,23.8526,
1,5,75,20.9672,21.2755,
6,8,75,20.9711,21.6166,
10,12,75,20.9726,23.0566,
4,1,50,20.9807,21.1234,
11,1,50,20.9985,23.0914,
6,0,50,21.029,21.4766,
7,9,75,21.0319,21.1399,
12,13,50,21.0425,21.8297,
4,11,100,21.0684,22.1407,
1,10,100,21.0817,21.4556,
0,4,100,21.0823,22.5629,
11,7,100,21.088,21.3867,
0,12,50,21.0945,22.215,
5,10,50,21.0949,23.5255,
4,8,50,21.0987,21.6391,
7,11,75,21.1167,23.7146,
2,1,100,21.1212,21.1906,
0,9,50,21.15,21.2406,
13,1,100,21.1604,21.4408,
3,9,50,21.1631,21.796,
5,1,75,21.1704,22.4401,
10,12,100,21.1856,22.0231,
4,9,75,21.1923,21.589,
1,3,50,21.2087,21.3052,
5,8,50,21.2165,21.5534,
0,3,50,21.2191,22.7431,
0,7,75,21.2244,21.6948,
1,9,50,21.2307,22.4189,
1,7,50,21.2401,21.5511,
0,4,50,21.2408,21.6527,
3,1,50,21.2478,21.833,
12,2,75,21.2507,21.3194,
10,12,75,21.2558,21.6551,
9,1,50,21.2658,22.7615,
6,1,75,21.2787,21.8496,
2,9,100,21.2914,23.4567,
13,1,50,21.2972,21.3778,
10,2,75,21.3234,21.4578,
11,5,50,21.3236,22.1172,
1,12,50,21.3262,21.7111,
5,11,50,21.3344,23.1322,
9,13,100,21.3646,23.2009,
9,7,50,21.3795,22.3439,
13,1,75,21.3944,23.0232,
12,6,100,21.402,21.4608,
13,2,75,21.4084,23.1353,
7,10,50,21.4095,22.7666,
0,6,100,21.4156,21.6137,
1,12,100,21.4285,22.9045,
4,0,50,21.4464,22.3493,
7,2,75,21.4525,22.437,
7,1,100,21.4675,22.2219,
8,6,100,21.4696,21.7858,
6,13,50,21.4711,21.9348,
11,7,75,21.4773,21.527,
8,0,50,21.4805,23.4359,
2,4,75,21.4847,21.8591,
3,7,100,21.4909,21.5357,
12,10,50,21.5028,23.2544,
3,12,100,21.5093,23.8188,
10,6,100,21.5285,22.1408,
5,6,50,21.5315,22.5258,
11,9,50,21.5342,21.7599,
13,11,100,21.5412,23.3534,
0,2,100,21.5433,22.8458,
3,12,100,21.5515,21.7785,
12,7,75,21.5621,21.6105,
8,3,50,21.5663,21.7871,
11,12,100,21.5713,21.8133,
9,1,100,21.5741,23.422,
12,2,50,21.5786,23.1878,
1,2,75,21.5796,22.9416,
9,1,100,21.5885,23.2752,
13,0,50,21.6088,22.6066,
6,11,100,21.6093,22.3719,
1,2,50,21.6105,22.4977,
5,2,75,21.629,22.9655,
13,3,50,21.6339,21.902,
2,0,50,21.6585,21.7292,
5,9,75,21.6657,22.1151,
7,11,75,21.6782,24.5688,
9,11,50,21.6815,21.7774,
10,4,75,21.6915,22.4441,
6,11,50,21.7129,22.879,
11,0,75,21.7165,21.9149,
3,0,100,21.7202,23.0723,
6,9,100,21.7313,22.0283,
12,10,50,21.7417,23.1459,
0,7,100,21.7419,23.0901,
10,11,50,21.7502,22.1597,
10,12,100,21.7676,22.4259,
1,9,100,21.7706,23.0271,
5,7,100,21.781,23.4633,
11,3,75,21.7998,21.8469,
3,6,50,21.8106,22.5071,
2,8,75,21.8179,22.1899,
11,3,50,21.8227,22.842,
7,12,100,21.8229,22.1516,
3,12,100,21.8441,23.5024,
8,3,75,21.8443,23.1671,
8,12,75,21.877,22.3562,
4,0,50,21.8946,24.1674,
9,1,100,21.8954,22.2707,
0,8,50,21.908,22.4845,
9,10,75,21.9086,22.9297,
3,11,100,21.9114,22.6485,
3,0,100,21.9225,22.2685,
7,12,50,21.9453,22.0913,
3,13,50,21.9572,26.5109,
4,10,75,21.9617,22.1816,
2,13,100,21.9626,22.6133,
7,6,75,21.9661,22.4512,
8,0,50,21.9677,22.6621,
1,12,100,21.9859,22.7555,
2,10,75,21.9883,22.6027,
7,10,75,21.9965,22.2201,
1,11,100,22.0017,24.27,
6,1,75,22.0091,22.3429,
6,3,50,22.0117,27.4116,
8,9,75,22.0244,22.3439,
10,12,100,22.031,23.0117,
10,8,75,22.0659,24.4304,
3,11,100,22.0811,22.2142,
11,7,100,22.0913,22.5517,
12,3,50,22.0957,25.2932,
5,7,75,22.1033,22.4254,
9,8,50,22.1035,24.3416,
9,7,50,22.1116,23.9799,
3,5,75,22.143,22.3381,
3,12,75,22.1534,22.3152,
10,2,50,22.1606,28.5147,
6,12,50,22.1614,22.4329,
3,8,75,22.164,23.3147,
3,1,75,22.1652,22.6191,
3,6,50,22.1682,22.738,
10,4,100,22.1728,24.3139,
4,12,75,22.1934,24.1805,
13,2,50,22.1988,22.4398,
2,9,50,22.206,22.7008,
6,3,50,22.2087,24.1171,
10,11,100,22.2169,22.4635,
0,9,75,22.2388,22.6803,
8,1,100,22.2419,22.5975,
2,10,100,22.2599,23.0056,
12,8,50,22.2735,22.569,
2,4,75,22.2918,24.9166,
3,12,100,22.2953,24.9423,
2,7,50,22.301,23.5524,
4,0,50,22.303,23.5939,
2,7,75,22.312,24.0683,
6,4,75,22.3149,24.024,
1,7,75,22.3255,23.4308,
0,7,75,22.3365,22.5393,
10,0,50,22.3556,23.3528,
13,12,100,22.3574,22.938,
3,1,75,22.3587,23.3909,
4,6,100,22.363,24.1709,
8,7,50,22.3652,22.582,
1,12,75,22.3667,22.6362,
1,2,75,22.3895,22.6762,
7,6,75,22.399,22.8754,
0,9,100,22.4047,22.9793,
12,0,50,22.4233,24.7874,
12,0,100,22.4336,22.5652,
3,8,50,22.4432,25.9207,
2,3,100,22.4801,24.5617,
8,1,50,22.4809,22.6083,
13,5,75,22.4865,23.7323,
8,2,75,22.4914,24.6344,
2,12,100,22.4937,22.5816,
5,9,100,22.5201,22.8231,
2,10,100,22.5324,25.0179,
1,12,75,22.5437,22.5595,
11,4,75,22.5501,23.0767,
10,9,75,22.5507,23.3614,
8,13,100,22.596,23.7797,
9,7,50,22.5983,22.9539,
5,4,100,22.6016,22.6953,
1,5,100,22.603,28.6827,
8,10,50,22.6134,23.772,
13,1,100,22.6192,22.6631,
9,1,100,22.6199,22.7484,
10,6,50,22.6338,22.802,
11,5,100,22.6351,25.1571,
7,8,50,22.6531,23.654,
6,5,100,22.654,22.8754,
9,3,50,22.6564,23.2903,
8,2,50,22.6759,24.934,
2,11,100,22.6803,23.9444,
9,2,100,22.696,23.1076,
12,11,50,22.7005,24.5197,
2,11,50,22.7023,23.8685,
2,7,50,22.7041,22.7342,
0,5,75,22.7058,23.8857,
3,5,100,22.7092,23.3989,
11,3,100,22.7188,27.1732,
13,6,75,22.7312,24.6712,
12,7,100,22.7464,24.6411,
9,7,100,22.76,23.6924,
0,5,75,22.7631,23.8193,
8,1,100,22.7656,24.111,
5,9,50,22.7709,25.6681,
8,3,75,22.7891,24.2066,
0,11,50,22.7999,23.0885,
1,6,100,22.8164,25.5735,
13,3,100,22.8515,23.8778,
13,2,75,22.8533,22.9076,
6,3,50,22.8598,25.5418,
8,1,75,22.8645,24.4063,
3,5,100,22.8753,23.6254,
1,3,100,22.8871,24.2127,
4,5,75,22.894,24.8595,
8,6,100,22.8959,23.8246,
6,9,75,22.9237,23.1488,
7,0,50,22.9272,22.9797,
2,12,100,22.9466,24.2295,
0,8,75,22.9568,23.9854,
11,7,50,22.961,24.8614,
12,2,75,22.9706,23.019,
5,2,75,22.9733,23.3218,
4,6,75,22.9836,24.5628,
11,7,50,22.9869,23.2794,
9,0,100,23.0083,24.1827,
10,6,50,23.0485,23.1462,
9,11,75,23.0496,29.7091,
5,11,75,23.0711,24.1059,
8,7,50,23.0909,25.5104,
7,3,75,23.0977,23.8417,
6,13,75,23.1156,25.1981,
2,1,50,23.1156,23.3111,
8,5,100,23.1276,24.3851,
2,4,50,23.1328,23.2988,
2,7,50,23.1509,23.2211,
3,10,50,23.1742,25.2374,
12,13,75,23.1775,25.0126,
13,0,75,23.1796,25.9581,
5,11,100,23.1868,23.7177,
6,2,75,23.1977,25.2822,
11,13,75,23.2128,23.2167,
5,2,100,23.2426,23.6724,
10,11,50,23.2451,23.6512,
10,2,100,23.2482,23.732,
1,9,75,23.2485,23.5918,
13,5,50,23.2611,25.8247,
13,12,100,23.2645,24.3053,
7,6,75,23.2747,23.4007,
7,1,100,23.2771,23.7313,
10,13,100,23.2806,23.59,
10,7,50,23.2812,23.9481,
0,1,100,23.2978,23.8755,
0,13,50,23.3054,24.0822,
7,6,50,23.3087,24.3923,
5,10,50,23.3108,23.9832,
2,3,75,23.3316,23.4686,
0,4,50,23.3377,23.4483,
3,4,50,23.3387,24.1305,
2,10,75,23.3394,25.3812,
4,1,75,23.3594,23.847,
1,5,50,23.3693,25.0691,
0,5,50,23.3763,24.4318,
12,5,50,23.3813,24.1984,
9,12,50,23.3837,23.443,
1,6,100,23.4196,24.2679,
8,13,50,23.4203,23.5238,
11,12,100,23.4208,25.9478,
3,12,75,23.4308,24.6269,
5,12,75,23.4597,25.5219,
12,2,75,23.4606,23.5371,
5,8,75,23.4617,24.8776,
7,3,50,23.4708,24.5916,
7,6,50,23.5054,24.7383,
11,9,100,23.5071,25.9429,
4,11,100,23.5176,24.8629,
13,11,75,23.5281,23.808,
9,5,50,23.5337,25.2044,
9,13,100,23.5361,23.708,
7,4,50,23.5548,25.0112,
6,13,100,23.5594,23.6149,
6,3,50,23.5704,24.7413,
8,6,75,23.574,26.4174,
4,10,50,23.5779,26.9766,
5,2,100,23.5783,23.8176,
8,7,100,23.5784,23.6045,
5,8,50,23.5815,24.4263,
10,2,75,23.5829,23.887,
9,7,100,23.6133,23.8729,
6,5,50,23.6158,24.448,
11,9,100,23.6162,23.7331,
7,0,75,23.6198,24.0136,
11,8,50,23.6229,23.7056,
7,6,100,23.6381,24.1274,
3,7,100,23.6398,24.1417,
5,2,100,23.6579,25.0339,
7,3,100,23.6628,24.7453,
7,13,75,23.6758,24.5396,
8,5,50,23.6887,25.0101,
7,4,100,23.7049,25.7907,
12,2,75,23.7099,25.3162,
11,10,50,23.7161,25.1763,
1,12,100,23.7206,24.5324,
5,9,75,23.7222,24.9565,
1,8,75,23.7319,23.7809,
5,3,75,23.7426,24.7649,
11,2,50,23.7492,23.9735,
13,12,75,23.755,23.9013,
9,4,75,23.766,24.762,
2,1,75,23.7793,24.6093,
4,7,75,23.7894,24.342,
6,2,100,23.7937,25.8334,
4,0,75,23.796,24.0285,
12,1,75,23.8069,25.2507,
6,0,75,23.8122,23.8308,
1,13,100,23.8279,23.9815,
1,13,50,23.8335,25.0201,
1,9,50,23.8473,25.2034,
7,6,100,23.8661,24.7096,
9,1,100,23.8926,24.8877,
8,6,50,23.9157,25.2264,
9,7,50,23.9195,24.1177,
1,13,100,23.9314,24.3724,
6,13,50,23.9381,25.0241,
3,4,75,23.9386,25.7475,
1,3,50,23.9445,24.5389,
12,7,100,23.9461,29.1842,
6,9,50,23.9925,24.6324,
8,6,100,24.0031,24.6096,
7,12,50,24.0121,25.5752,
13,8,75,24.0138,25.1777,
12,1,50,24.0231,25.4783,
4,2,75,24.0248,24.5352,
11,8,100,24.0325,26.3483,
12,13,75,24.052,24.1588,
3,0,50,24.058,24.8519,
13,5,75,24.1087,25.2871,
2,5,100,24.1189,24.1258,
3,5,100,24.1293,24.4328,
10,11,50,24.152,25.6406,
4,10,100,24.1559,25.3155,
2,6,75,24.1634,24.4249,
4,7,50,24.1655,25.1787,
0,7,100,24.1749,26.2595,
10,9,75,24.1809,26.425,
10,13,50,24.1856,24.9177,
5,1,100,24.1873,24.2437,
8,10,100,24.1933,25.2836,
11,3,50,24.1935,24.7237,
6,7,50,24.1936,26.7461,
9,7,100,24.2275,25.1852,
6,8,75,24.2522,25.3538,
13,2,75,24.2624,24.7044,
1,10,50,24.2776,24.9478,
10,7,75,24.2813,24.5793,
13,7,50,24.2839,24.8301,
12,2,100,24.2864,25.0318,
3,7,50,24.2951,26.4633,
7,8,75,24.2964,25.2195,
13,7,50,24.3098,24.6325,
3,8,75,24.318,24.4659,
3,12,75,24.3378,24.9768,
2,8,100,24.3428,25.2332,
3,5,100,24.3499,24.5906,
2,0,75,24.3692,24.6647,
10,7,100,24.3849,24.7197,
10,4,75,24.3892,25.0673,
10,11,50,24.3955,27.6586,
8,3,75,24.3965,24.7689,
10,7,50,24.3995,25.677,
11,1,75,24.4047,24.7777,
0,11,100,24.4368,24.575,
8,1,75,24.4532,25.4205,
4,0,100,24.465,25.0429,
9,8,75,24.4698,25.104,
8,4,50,24.4754,25.0841,
7,5,75,24.4758,26.0641,
1,13,75,24.4867,24.9679,
10,13,75,24.509,26.346,
3,10,75,24.5095,26.3574,
9,4,50,24.535,26.23,
10,0,100,24.5457,26.7804,
1,11,50,24.5569,25.1749,
10,11,50,24.6026,25.4944,
11,3,75,24.6054,24.6156,
0,1,50,24.6061,24.9699,
8,5,100,24.6097,25.3945,
10,0,100,24.6112,26.4466,
10,7,75,24.6119,25.662,
4,0,50,24.6157,24.7366,
1,8,75,24.6237,24.7705,
6,8,50,24.6586,27.6824,
9,3,75,24.6605,27.3109,
13,4,75,24.665,24.9739,
8,5,75,24.6685,25.1501,
1,11,50,24.6724,26.909,
2,0,75,24.6796,26.8792,
3,1,75,24.6929,25.0435,
12,9,50,24.6938,26.3014,
3,0,50,24.6961,26.95,
2,10,50,24.7071,26.2116,
12,0,100,24.7105,25.1301,
2,5,100,24.7117,25.0476,
2,10,50,24.716,25.3489,
8,10,100,24.7178,28.3465,
10,4,50,24.7322,25.6285,
11,8,75,24.7428,25.6348,
0,10,50,24.7472,28.0568,
9,6,75,24.7576,26.5037,
13,10,50,24.7958,28.3461,
7,6,50,24.8071,26.2194,
12,10,100,24.8072,24.8732,
4,10,100,24.8169,25.3313,
9,12,75,24.8175,25.3605,
12,6,50,24.8303,29.0537,
13,12,75,24.8418,27.2426,
5,11,50,24.8542,25.5265,
5,11,100,24.861,25.572,
9,2,100,24.8652,24.9654,
2,7,100,24.8725,25.0021,
0,8,100,24.875,26.0518,
10,2,50,24.8851,25.0766,
0,10,100,24.9014,25.2934,
5,8,100,24.9427,25.0514,
8,7,75,24.9448,25.081,
5,0,100,24.9506,24.9931,
8,4,75,24.9519,27.4885,
0,8,50,24.9624,27.4791,
3,2,75,24.9811,25.7344,
4,12,50,24.9823,25.0951,
3,10,75,25.0058,25.0782,
12,1,50,25.0127,28.7043,
10,1,50,25.0151,25.7986,
9,3,100,25.0305,25.2453,
1,11,50,25.0316,25.0343,
3,12,50,25.0354,25.6889,
4,0,75,25.0413,25.2904,
8,13,50,25.0434,25.2318,
9,7,100,25.0544,25.3542,
9,11,75,25.0557,25.1937,
12,4,75,25.062,25.9924,
6,11,75,25.0627,26.2491,
3,11,100,25.0792,26.2556,
11,6,100,25.0801,25.178,
13,0,50,25.0991,26.2284,
7,0,50,25.1171,27.2412,
2,10,75,25.1377,28.1012,
12,11,100,25.1384,25.1424,
1,6,50,25.1399,25.8351,
7,12,50,25.1498,26.7379,
1,12,50,25.1754,27.0035,
13,1,75,25.1939,28.0222,
9,8,75,25.1978,27.6576,
9,6,100,25.222,25.5338,
3,6,75,25.2226,25.9043,
2,13,100,25.2271,25.4528,
10,9,75,25.2426,27.3986,
2,13,75,25.2432,25.9208,
7,4,100,25.2559,26.7276,
0,1,100,25.2722,27.5994,
9,5,100,25.2814,27.3379,
13,9,100,25.2841,25.8709,
0,1,75,25.2923,26.3363,
6,10,75,25.3028,26.3453,
11,5,50,25.3127,27.267,
10,3,75,25.3139,25.8408,
13,4,75,25.3256,25.9705,
10,1,75,25.3258,30.719,
3,7,50,25.3269,26.0198,
6,3,100,25.3277,25.9034,
13,7,100,25.3499,28.2918,
11,2,50,25.3658,25.3911,
9,10,100,25.3675,26.6912,
3,7,50,25.3837,26.6852,
13,0,75,25.3918,25.403,
5,0,100,25.3956,27.6923,
2,4,100,25.4034,26.1951,
5,7,75,25.4106,26.1831,
4,10,100,25.4121,25.5113,
1,11,75,25.4174,26.4178,
1,11,100,25.4177,26.3009,
5,13,75,25.4697,26.3225,
4,6,50,25.4984,26.1657,
8,0,75,25.509,26.3885,
4,7,75,25.5122,25.7525,
4,7,100,25.5195,25.9627,
4,7,75,25.5196,25.7988,
7,4,50,25.5199,25.523,
3,6,50,25.526,26.4686,
13,6,75,25.5422,29.9184,
9,10,100,25.5563,26.2403,
11,6,100,25.5594,25.5978,
2,0,75,25.5613,29.81,
10,13,100,25.5807,26.5883,
0,3,75,25.6062,25.7426,
4,11,75,25.6093,29.0987,
4,1,50,25.635,29.3768,
0,8,75,25.645,25.8205,
3,0,75,25.6545,25.7151,
5,0,100,25.6561,26.0373,
7,4,100,25.6607,25.8099,
13,3,50,25.6653,26.9586,
9,5,75,25.6696,25.7187,
6,11,100,25.6705,25.9898,
5,10,50,25.6732,25.9372,
4,12,100,25.6732,25.8771,
5,7,50,25.6834,25.8811,
4,6,75,25.6859,26.391,
1,5,75,25.6939,26.8931,
2,1,50,25.702,26.4964,
1,3,50,25.715,26.8832,
2,13,50,25.7418,27.6221,
3,2,50,25.7433,26.0264,
2,10,100,25.7689,26.1096,
11,13,100,25.789,26.1214,
13,0,75,25.7917,28.2147,
7,13,75,25.7917,28.6785,
12,10,75,25.815,27.2944,
9,13,100,25.8364,26.7675,
4,7,75,25.8394,26.0167,
2,9,50,25.8459,27.1514,
12,5,75,25.8895,26.8042,
11,12,100,25.8928,25.912,
5,8,100,25.9024,26.544,
1,0,50,25.9225,27.2657,
12,5,75,25.9352,26.0817,
12,4,100,25.9475,26.3589,
6,1,100,25.9611,27.1652,
8,4,75,25.9672,26.4349,
5,6,50,25.9679,25.9833,
4,1,50,25.9683,27.1332,
1,11,100,25.9719,27.525,
1,5,75,25.9785,27.5811,
10,12,75,26.0005,28.4496,
8,4,50,26.002,27.2928,
12,10,100,26.01,26.2902,
13,8,100,26.02,26.1415,
2,5,100,26.0224,26.7669,
10,11,75,26.0258,26.2034,
7,5,75,26.0299,27.7597,
3,7,100,26.0426,27.4579,
2,3,100,26.047,26.9034,
0,12,50,26.0517,26.4375,
6,11,75,26.0605,27.6351,
1,0,100,26.0657,26.0867,
6,13,100,26.0884,27.1762,
8,11,75,26.0976,26.1698,
11,9,100,26.1103,26.5547,
11,5,75,26.1261,26.7707,
3,13,100,26.19,27.5411,
11,13,75,26.2021,28.1657,
5,10,50,26.2223,28.0438,
0,12,50,26.2428,28.9081,
10,12,50,26.2569,27.3056,
12,4,100,26.2624,26.9455,
8,1,100,26.2758,27.2063,
8,13,100,26.2828,26.7549,
10,7,75,26.2862,28.0944,
1,3,100,26.2912,26.3027,
5,2,75,26.2916,27.383,
12,10,100,26.3188,26.7633,
7,5,50,26.3205,28.449,
5,13,50,26.3246,30.844,
8,4,50,26.327,26.4612,
5,4,75,26.344,28.2632,
0,1,75,26.3577,27.1652,
7,9,100,26.3911,27.3088,
10,5,50,26.3967,26.9882,
12,6,75,26.4158,27.0723,
6,3,100,26.4203,27.5944,
4,11,75,26.4487,27.0043,
10,9,50,26.452,26.6027,
12,13,100,26.4632,26.7317,
1,10,50,26.4671,26.8152,
6,2,75,26.4689,28.0857,
1,9,50,26.4777,28.1077,
13,8,100,26.4842,27.97,
9,10,100,26.4859,26.526,
1,5,50,26.4962,29.101,
6,13,50,26.5025,28.4939,
5,10,75,26.5118,27.6673,
9,13,75,26.5158,26.5291,
2,6,100,26.5195,26.8822,
1,6,75,26.533,28.5193,
10,9,50,26.5352,27.046,
5,1,75,26.5506,27.0669,
5,2,100,26.5535,26.5795,
0,13,100,26.5688,28.4921,
11,8,75,26.5724,27.0522,
0,1,50,26.5793,26.7147,
7,0,50,26.5905,26.8686,
13,10,100,26.5962,27.7698,
3,12,75,26.5988,28.8145,
4,5,75,26.6204,28.4814,
1,7,75,26.6296,28.3688,
3,9,75,26.6365,27.6323,
1,8,75,26.6487,26.6748,
5,6,50,26.6492,26.9391,
3,1,75,26.6654,26.7607,
9,11,100,26.6795,27.3258,
8,1,50,26.7078,27.0411,
10,4,100,26.711,28.3118,
10,13,100,26.7241,27.8036,
2,10,75,26.7575,27.85,
0,9,100,26.7618,29.6585,
5,0,100,26.7674,27.4567,
5,13,50,26.776,29.5145,
5,10,100,26.8007,27.0387,
6,3,50,26.8065,26.8598,
3,7,75,26.8471,27.0457,
10,2,75,26.8502,26.9153,
10,1,75,26.8747,27.3712,
3,2,75,26.8778,27.2625,
7,0,75,26.8838,28.9254,
8,13,100,26.8877,27.1817,
7,9,100,26.9003,28.2144,
7,1,100,26.9048,27.2641,
8,6,100,26.9169,28.4815,
1,9,100,26.9284,27.7646,
7,10,75,26.9391,27.3283,
13,4,75,26.9416,27.8705,
5,2,50,26.9605,27.8587,
8,0,100,26.9677,28.2213,
0,3,100,26.981,29.7386,
1,6,75,26.9849,27.5713,
12,10,50,26.9875,27.5329,
8,10,75,27.0145,27.9574,
5,3,100,27.016,28.084,
12,8,100,27.024,28.1464,
6,3,100,27.0358,27.8483,
10,3,50,27.0361,27.6778,
2,5,75,27.0471,29.3993,
9,2,75,27.0625,28.4395,
5,8,75,27.0723,30.2267,
4,7,75,27.0849,28.0106,
13,11,75,27.0988,29.3603,
2,13,100,27.1019,27.3152,
2,1,75,27.1162,27.1206,
12,6,50,27.1207,27.2422,
9,10,75,27.1547,28.936,
8,1,100,27.1587,27.8623,
6,0,50,27.1663,28.0678,
6,4,75,27.1827,27.3793,
1,7,50,27.1849,28.96,
7,0,100,27.1874,27.2139,
7,5,100,27.1886,28.2386,
12,13,75,27.199,27.7175,
5,2,50,27.2016,31.0044,
1,12,100,27.2092,27.7292,
0,9,50,27.2098,27.6852,
3,9,50,27.2143,28.6746,
11,5,50,27.2392,28.5847,
13,2,50,27.2399,28.6366,
5,0,100,27.2546,29.9068,
10,0,75,27.2612,28.4455,
6,3,100,27.2693,27.4338,
4,7,75,27.2757,27.6151,
0,4,75,27.2904,28.5347,
3,9,100,27.2962,27.4007,
13,0,50,27.3037,29.8438,
8,1,100,27.3048,27.819,
8,12,50,27.3053,28.0212,
2,9,75,27.3206,27.8561,
11,7,50,27.3415,29.2565,
4,11,100,27.3761,27.896,
8,0,50,27.3788,27.4555,
12,0,50,27.3995,27.5387,
2,1,100,27.4147,28.112,
5,6,100,27.4174,28.7944,
11,9,100,27.4403,27.8079,
6,13,75,27.4528,29.6226,
1,9,100,27.4603,28.086,
10,6,50,27.4609,32.041,
6,3,100,27.4764,28.9028,
9,1,75,27.4776,28.5124,
8,13,100,27.5033,27.7357,
1,3,75,27.5075,27.8767,
5,3,100,27.515,27.7399,
8,2,50,27.5294,27.9203,
8,11,50,27.5303,28.8196,
9,13,100,27.5318,29.8346,
11,12,100,27.5345,27.6813,
1,10,50,27.5377,27.9603,
8,5,50,27.5411,28.3528,
0,10,100,27.5564,31.2166,
9,4,75,27.558,27.9274,
12,4,100,27.5734,28.2646,
11,4,100,27.5837,28.248,
2,10,75,27.5842,27.728,
1,13,75,27.5872,28.7431,
1,6,100,27.5924,29.4483,
11,12,50,27.5961,27.7574,
8,4,75,27.5973,27.9093,
8,10,75,27.6103,27.9693,
0,4,50,27.6351,28.3171,
6,5,75,27.6542,28.0233,
5,9,50,27.6575,30.8723,
11,12,50,27.6621,28.1681,
2,12,75,27.6878,30.7974,
8,10,100,27.6893,27.9806,
9,1,100,27.6904,29.121,
6,13,100,27.6947,27.9329,
0,3,100,27.7089,29.3241,
8,4,100,27.7104,27.8139,
5,10,50,27.7153,27.7731,
13,6,100,27.7182,27.8877,
5,6,100,27.7286,28.0976,
10,6,50,27.7409,30.3931,
10,1,50,27.7422,28.2552,
11,3,100,27.7464,28.4707,
6,4,100,27.7608,28.3928,
2,8,75,27.765,28.2621,
12,2,50,27.7992,29.3313,
11,6,100,27.8245,28.3325,
0,12,100,27.8274,27.8993,
13,6,50,27.8324,28.5218,
2,13,75,27.8326,28.418,
4,11,50,27.8346,29.7315,
8,11,75,27.8351,28.1788,
2,6,100,27.8474,28.6726,
7,8,75,27.8641,29.6879,
6,5,100,27.8667,28.4167,
13,10,50,27.8768,29.1242,
13,8,100,27.8933,27.9312,
4,7,50,27.9647,30.579,
12,4,100,27.9897,28.257,
8,10,100,27.9906,28.1498,
11,9,75,28.0079,28.8066,
10,2,50,28.0109,28.5212,
3,9,50,28.024,28.0649,
4,11,100,28.0262,31.3317,
1,9,50,28.0492,30.1626,
13,9,75,28.0496,28.3372,
10,6,100,28.054,31.0034,
8,9,75,28.0857,28.6998,
13,9,50,28.0894,31.1014,
1,11,75,28.0925,29.57,
0,2,100,28.0932,28.4176,
6,4,50,28.0987,28.9325,
7,5,100,28.112,28.6818,
13,12,50,28.1207,28.5263,
12,7,100,28.1359,29.2595,
0,1,100,28.1419,29.9419,
12,1,100,28.1454,28.2343,
6,3,75,28.1496,33.5362,
9,6,100,28.1583,28.981,
11,4,100,28.1609,29.0066,
4,5,100,28.1689,29.0286,
13,9,75,28.1705,28.6281,
1,3,50,28.1783,28.3436,
3,2,50,28.1814,28.293,
3,10,50,28.1834,28.501,
8,4,100,28.1956,29.903,
7,1,50,28.2042,29.3291,
8,7,50,28.2136,28.54,
13,4,75,28.2219,29.6774,
3,7,50,28.2262,29.181,
0,12,75,28.2417,29.5272,
8,3,50,28.2518,28.5894,
2,6,75,28.2536,29.2159,
6,12,50,28.2544,30.798,
10,0,100,28.2729,28.8755,
1,9,50,28.2806,29.6352,
7,3,75,28.2851,28.4318,
11,12,50,28.3008,29.8893,
10,6,100,28.3279,29.5151,
9,2,50,28.3306,28.934,
3,6,100,28.3314,28.4712,
1,4,100,28.3422,29.0625,
8,3,100,28.3641,30.8178,
3,0,100,28.3646,28.8786,
3,10,75,28.3772,28.4092,
13,11,50,28.3809,32.8782,
11,12,100,28.3886,30.4517,
8,0,75,28.3939,29.7703,
11,8,75,28.4055,29.4611,
12,10,100,28.4089,28.4714,
10,11,75,28.4096,30.1823,
3,4,50,28.4285,28.6946,
6,1,50,28.4289,29.4674,
0,10,100,28.4317,28.4436,
1,13,75,28.458,29.3522,
9,10,100,28.4726,29.2092,
2,13,75,28.4802,28.552,
2,9,100,28.4814,28.874,
9,13,100,28.5084,29.7049,
10,11,100,28.5164,28.9694,
12,4,50,28.5198,28.9145,
10,0,75,28.542,28.91,
10,9,75,28.5429,29.0428,
3,1,100,28.5515,29.2185,
11,7,75,28.5609,31.1985,
4,7,100,28.584,28.8713,
1,0,100,28.5933,30.8411,
9,12,75,28.601,29.7632,
7,3,100,28.6194,31.1993,
12,10,50,28.6277,29.669,
11,5,50,28.6344,29.7018,
9,10,75,28.6434,28.6468,
1,5,100,28.6447,29.076,
2,11,75,28.6501,29.3314,
11,13,100,28.6666,29.5058,
4,1,100,28.6691,28.8712,
8,6,100,28.6703,30.6484,
12,1,50,28.6763,29.1384,
11,13,75,28.6798,30.3405,
2,9,100,28.6807,28.8583,
13,0,50,28.685,29.244,
12,1,75,28.6859,29.6,
6,12,100,28.6876,29.177,
11,2,100,28.7018,29.9204,
2,7,100,28.7054,29.0797,
5,13,75,28.7103,28.8043,
12,11,100,28.7164,29.377,
11,5,100,28.7297,29.3524,
3,8,75,28.7334,30.9205,
11,4,50,28.7456,28.7984,
9,2,100,28.7505,30.2445,
3,12,75,28.7737,29.9932,
8,0,75,28.783,29.2189,
3,5,100,28.7837,29.2989,
2,3,100,28.7932,30.9107,
12,10,50,28.7984,28.9458,
13,7,100,28.8038,29.578,
5,2,100,28.8359,29.5584,
11,9,100,28.8361,28.9086,
6,10,75,28.8379,30.2095,
2,11,75,28.84,29.666,
13,4,50,28.8497,29.3312,
6,0,100,28.8504,29.1775,
4,12,75,28.8515,30.8267,
8,4,75,28.8603,29.5086,
2,10,75,28.8658,29.4363,
9,4,50,28.8695,30.2688,
1,5,75,28.8761,28.9955,
6,2,50,28.8788,30.3634,
5,9,75,28.886,29.841,
3,5,75,28.8971,32.4952,
8,2,100,28.9045,28.9252,
0,4,100,28.9134,29.4561,
3,13,75,28.924,29.0015,
12,10,50,28.9466,29.0529,
2,9,100,28.9538,29.5885,
6,11,75,28.9553,30.5202,
11,0,100,28.9678,29.6601,
12,10,50,28.9743,31.4869,
9,5,50,29.0225,31.9197,
8,1,50,29.0262,29.2734,
5,6,100,29.0534,29.6944,
9,0,75,29.0538,29.0965,
6,7,75,29.0581,30.8556,
7,13,75,29.0663,31.9492,
5,11,100,29.0718,29.6984,
7,8,75,29.0923,30.1967,
8,1,75,29.0934,29.685,
0,10,75,29.0987,29.4707,
9,2,50,29.1037,30.0434,
9,5,50,29.121,29.7022,
11,7,50,29.124,29.3681,
12,10,75,29.1268,29.2569,
11,3,100,29.1282,29.1902,
4,6,100,29.1316,30.9894,
11,3,100,29.138,30.159,
1,9,50,29.1408,29.3973,
2,6,100,29.1451,29.9126,
4,1,50,29.1606,29.2556,
5,3,75,29.1869,29.7756,
10,7,100,29.1969,31.6387,
0,7,100,29.2032,29.3497,
3,1,75,29.2061,29.3177,
9,13,50,29.2585,29.436,
8,9,50,29.2901,29.5571,
5,9,75,29.2999,29.4822,
3,5,50,29.3235,29.3864,
8,10,75,29.3331,29.436,
7,4,75,29.3374,30.003,
10,0,50,29.3379,29.8444,
13,9,100,29.3503,29.4953,
4,13,50,29.3598,29.6738,
8,13,50,29.3635,29.8301,
9,10,100,29.3775,30.0894,
2,4,50,29.3949,30.2761,
12,5,50,29.4025,29.5085,
1,6,75,29.4159,29.9675,
11,2,100,29.424,31.0963,
11,8,50,29.4271,29.9925,
5,10,75,29.4305,34.6128,
3,11,50,29.4319,30.3647,
3,4,50,29.4472,31.1801,
8,12,50,29.45,30.28,
0,7,75,29.4622,30.147,
4,9,75,29.4628,30.9151,
10,3,50,29.4684,30.0777,
3,5,75,29.4684,29.8283,
4,6,75,29.4705,30.9284,
3,1,100,29.4744,30.5339,
9,3,50,29.4954,29.9325,
10,3,100,29.4983,29.8672,
11,13,50,29.4995,29.6733,
6,4,75,29.5086,30.7063,
11,13,50,29.5624,30.0642,
7,9,75,29.5724,29.8704,
1,13,75,29.583,29.7584,
10,12,75,29.6029,29.8013,
6,2,100,29.611,31.9267,
4,3,50,29.6148,29.8076,
5,7,100,29.6276,30.3266,
2,10,100,29.6339,32.8203,
5,10,75,29.6519,30.5472,
6,12,100,29.6545,31.5363,
8,13,75,29.663,30.891,
13,11,75,29.6863,30.2231,
5,12,100,29.691,31.2553,
13,1,100,29.6913,29.9259,
4,1,50,29.7069,31.6122,
13,9,50,29.7114,31.1561,
6,8,50,29.7249,32.6535,
2,6,75,29.7259,29.8495,
3,6,75,29.7441,30.6161,
7,9,100,29.749,29.7583,
1,8,75,29.7849,29.7916,
0,12,75,29.7903,30.8409,
0,6,50,29.8198,30.4286,
0,9,50,29.8242,30.0296,
10,3,50,29.8303,31.1101,
11,0,100,29.8418,30.2059,
0,12,75,29.8725,30.0066,
13,8,75,29.8882,30.215,
2,6,75,29.891,31.2265,
11,2,100,29.9011,31.6457,
4,7,50,29.9099,30.0835,
1,4,100,29.9121,32.8049,
9,10,50,29.9212,30.6283,
2,13,50,29.9294,31.1872,
4,12,100,29.9472,30.3063,
10,8,50,29.948,32.9978,
9,13,100,29.9494,30.8867,
9,11,100,29.962,30.2813,
3,8,100,29.9771,30.8678,
10,7,100,29.9772,32.619,
6,2,100,29.9921,30.0733,
3,6,50,29.9929,31.4679,
5,13,50,29.9959,30.7303,
9,13,75,30.0032,30.023,
